,Symbol,Name
0,002503.SZ,搜于特
1,000615.SZ,京汉股份
2,002152.SZ,广电运通
3,002382.SZ,蓝帆医疗
4,002063.SZ,远光软件
5,603283.SS,赛腾股份
6,600903.SS,贵州燃气
7,300365.SZ,恒华科技
8,002907.SZ,华森制药
9,300664.SZ,鹏鹞环保
10,603655.SS,朗博科技
11,300468.SZ,四方精创
12,603080.SS,新疆火炬
13,002779.SZ,中坚科技
14,002922.SZ,伊戈尔
15,000926.SZ,福星股份
16,603138.SS,海量数据
17,000877.SZ,天山股份
18,300483.SZ,沃施股份
19,603161.SS,科华控股
20,002826.SZ,易明医药
21,603329.SS,上海雅仕
22,600333.SS,长春燃气
23,600093.SS,易见股份
24,300735.SZ,光弘科技
25,300684.SZ,中石科技
26,300542.SZ,新晨科技
27,300386.SZ,飞天诚信
28,002379.SZ,宏创控股
29,002369.SZ,卓翼科技
30,300176.SZ,鸿特精密
31,300736.SZ,百华悦邦
32,300541.SZ,先进数通
33,300730.SZ,科创信息
34,002235.SZ,安妮股份
35,603989.SS,艾华集团
36,300723.SZ,一品红
37,002893.SZ,华通热力
38,002923.SZ,润都股份
39,002921.SZ,联诚精密
40,600193.SS,创兴资源
41,300663.SZ,科蓝软件
42,000517.SZ,荣安地产
43,000681.SZ,视觉中国
44,600652.SS,游久游戏
45,002131.SZ,利欧股份
46,300465.SZ,高伟达
47,600797.SS,浙大网新
48,300602.SZ,飞荣达
49,603320.SS,迪贝电气
50,600856.SS,中天能源
51,300377.SZ,赢时胜
52,002649.SZ,博彦科技
53,002117.SZ,东港股份
54,603711.SS,香飘飘
55,600525.SS,长园集团
56,600570.SS,恒生电子
57,600466.SS,蓝光发展
58,300609.SZ,汇纳科技
59,002339.SZ,积成电子
60,002668.SZ,奥马电器
61,300130.SZ,新国都
62,300537.SZ,广信材料
63,002799.SZ,环球印务
64,600673.SS,东阳光科
65,002657.SZ,中科金财
66,002177.SZ,御银股份
67,300507.SZ,苏奥传感
68,600446.SS,金证股份
69,603881.SS,数据港
70,300431.SZ,暴风集团
71,000021.SZ,深科技
72,002304.SZ,洋河股份
73,600917.SS,重庆燃气
74,601166.SS,兴业银行
75,300352.SZ,北信源
76,600571.SS,信雅达
77,300051.SZ,三五互联
78,300473.SZ,德尔股份
79,600530.SS,交大昂立
80,002655.SZ,共达电声
81,300499.SZ,高澜股份
82,603689.SS,皖天然气
83,600760.SS,中航黑豹
84,603002.SS,宏昌电子
85,002853.SZ,皮阿诺
86,300178.SZ,腾邦国际
87,000982.SZ,*ST 中绒
88,002486.SZ,嘉麟杰
89,600299.SS,安迪苏
90,603039.SS,泛微网络
91,603589.SS,口子窖
92,002911.SZ,佛燃股份
93,300231.SZ,银信科技
94,600782.SS,新钢股份
95,000790.SZ,泰合健康
96,002268.SZ,卫 士 通
97,300579.SZ,数字认证
98,603729.SS,龙韵股份
99,000895.SZ,双汇发展
100,002280.SZ,联络互动
101,600206.SS,有研新材
102,600104.SS,上汽集团
103,600823.SS,世茂股份
104,600756.SS,浪潮软件
105,600258.SS,首旅酒店
106,002307.SZ,北新路桥
107,300339.SZ,润和软件
108,603559.SS,中通国脉
109,002104.SZ,恒宝股份
110,002267.SZ,陕天然气
111,300608.SZ,思特奇
112,300226.SZ,上海钢联
113,002295.SZ,精艺股份
114,002130.SZ,沃尔核材
115,603106.SS,恒银金融
116,600583.SS,海油工程
117,601599.SS,鹿港文化
118,002256.SZ,兆新股份
119,002642.SZ,荣之联
120,300121.SZ,阳谷华泰
121,300188.SZ,美亚柏科
122,300319.SZ,麦捷科技
123,002536.SZ,西泵股份
124,601002.SS,晋亿实业
125,002065.SZ,东华软件
126,300122.SZ,智飞生物
127,002195.SZ,二三四五
128,601139.SS,深圳燃气
129,600298.SS,安琪酵母
130,002302.SZ,西部建设
131,300285.SZ,国瓷材料
132,002603.SZ,以岭药业
133,002918.SZ,蒙娜丽莎
134,000503.SZ,海虹控股
135,300536.SZ,农尚环境
136,603393.SS,新天然气
137,002632.SZ,道明光学
138,300440.SZ,运达科技
139,002464.SZ,众应互联
140,600340.SS,华夏幸福
141,002056.SZ,横店东磁
142,002443.SZ,金洲管道
143,600410.SS,华胜天成
144,601882.SS,海天精工
145,600217.SS,中再资环
146,002713.SZ,东易日盛
147,300243.SZ,瑞丰高材
148,002474.SZ,榕基软件
149,002700.SZ,新疆浩源
150,002615.SZ,哈尔斯
151,603619.SS,中曼石油
152,600035.SS,楚天高速
153,603688.SS,石英股份
154,300459.SZ,金科文化
155,300020.SZ,银江股份
156,002137.SZ,麦达数字
157,000593.SZ,大通燃气
158,002353.SZ,杰瑞股份
159,300312.SZ,邦讯技术
160,000651.SZ,格力电器
161,002610.SZ,爱康科技
162,600138.SS,中青旅
163,300308.SZ,中际旭创
164,300089.SZ,文化长城
165,000858.SZ,五 粮 液
166,603727.SS,博迈科
167,600179.SS,安通控股
168,600598.SS,北大荒
169,603866.SS,桃李面包
170,002484.SZ,江海股份
171,300654.SZ,世纪天鸿
172,300679.SZ,电连技术
173,603228.SS,景旺电子
174,300487.SZ,蓝晓科技
175,002058.SZ,威 尔 泰
176,300229.SZ,拓尔思
177,002908.SZ,德生科技
178,002916.SZ,深南电路
179,300164.SZ,通源石油
180,000001.SZ,平安银行
181,300387.SZ,富邦股份
182,000935.SZ,四川双马
183,000567.SZ,海德股份
184,603110.SS,东方材料
185,002650.SZ,加加食品
186,601939.SS,建设银行
187,600749.SS,西藏旅游
188,600449.SS,宁夏建材
189,600588.SS,用友网络
190,600868.SS,梅雁吉祥
191,601808.SS,中海油服
192,600888.SS,新疆众和
193,601857.SS,中国石油
194,300534.SZ,陇神戎发
195,002153.SZ,石基信息
196,600256.SS,广汇能源
197,002847.SZ,盐津铺子
198,300618.SZ,寒锐钴业
199,601108.SS,财通证券
200,000792.SZ,盐湖股份
201,300054.SZ,鼎龙股份
202,002643.SZ,万润股份
203,000096.SZ,广聚能源
204,002454.SZ,松芝股份
205,600751.SS,天海投资
206,600690.SS,青岛海尔
207,002866.SZ,传艺科技
208,002040.SZ,南 京 港
209,002306.SZ,*ST云网
210,300073.SZ,当升科技
211,300451.SZ,创业软件
212,600036.SS,招商银行
213,600271.SS,航天信息
214,603665.SS,康隆达
215,002279.SZ,久其软件
216,603189.SS,网达软件
217,300379.SZ,东方通
218,600000.SS,浦发银行
219,600515.SS,海航基础
220,600251.SS,冠农股份
221,600081.SS,东风科技
222,300202.SZ,聚龙股份
223,600617.SS,国新能源
224,603288.SS,海天味业
225,600520.SS,文一科技
226,000996.SZ,中国中期
227,300675.SZ,建科院
228,300366.SZ,创意信息
229,600156.SS,华升股份
230,002242.SZ,九阳股份
231,300270.SZ,中威电子
232,603779.SS,威龙股份
233,002156.SZ,通富微电
234,600279.SS,重庆港九
235,600326.SS,西藏天路
236,002010.SZ,传化智联
237,000997.SZ,新 大 陆
238,603578.SS,三星新材
239,002468.SZ,申通快递
240,000690.SZ,宝新能源
241,000807.SZ,云铝股份
242,300170.SZ,汉得信息
243,603500.SS,祥和实业
244,600754.SS,锦江股份
245,601636.SS,旗滨集团
246,600028.SS,中国石化
247,002447.SZ,壹桥股份
248,300098.SZ,高新兴
249,600779.SS,水井坊
250,300399.SZ,京天利
251,601288.SS,农业银行
252,300369.SZ,绿盟科技
253,300590.SZ,移为通信
254,600871.SS,石化油服
255,000851.SZ,高鸿股份
256,300393.SZ,中来股份
257,002488.SZ,金固股份
258,603421.SS,鼎信通讯
259,300064.SZ,豫金刚石
260,600536.SS,中国软件
261,000407.SZ,胜利股份
262,300052.SZ,中青宝
263,002465.SZ,海格通信
264,002777.SZ,久远银海
265,300685.SZ,艾德生物
266,300281.SZ,金明精机
267,300603.SZ,立昂技术
268,300348.SZ,长亮科技
269,002563.SZ,森马服饰
270,600439.SS,瑞贝卡
271,300333.SZ,兆日科技
272,002508.SZ,老板电器
273,002601.SZ,龙蟒佰利
274,600130.SS,波导股份
275,002210.SZ,飞马国际
276,002810.SZ,山东赫达
277,601998.SS,中信银行
278,601958.SS,金钼股份
279,002024.SZ,苏宁云商
280,002140.SZ,东华科技
281,300245.SZ,天玑科技
282,600595.SS,中孚实业
283,002558.SZ,巨人网络
284,000333.SZ,美的集团
285,000028.SZ,国药一致
286,002142.SZ,宁波银行
287,300692.SZ,中环环保
288,603005.SS,晶方科技
289,002401.SZ,中远海科
290,002791.SZ,坚朗五金
291,300725.SZ,药石科技
292,002331.SZ,皖通科技
293,300359.SZ,全通教育
294,600683.SS,京投发展
295,300506.SZ,名家汇
296,002680.SZ,长生生物
297,601988.SS,中国银行
298,002415.SZ,海康威视
299,002439.SZ,启明星辰
300,000411.SZ,英特集团
301,002336.SZ,人人乐
302,300322.SZ,硕贝德
303,601012.SS,隆基股份
304,600015.SS,华夏银行
305,002692.SZ,睿康股份
306,603730.SS,岱美股份
307,600120.SS,浙江东方
308,300185.SZ,通裕重工
309,000906.SZ,浙商中拓
310,600702.SS,沱牌舍得
311,300418.SZ,昆仑万维
312,603708.SS,家家悦
313,000691.SZ,亚太实业
314,300078.SZ,思创医惠
315,000428.SZ,华天酒店
316,601668.SS,中国建筑
317,002183.SZ,怡 亚 通
318,300002.SZ,神州泰岳
319,300253.SZ,卫宁健康
320,300378.SZ,鼎捷软件
321,600016.SS,民生银行
322,300079.SZ,数码科技
323,300600.SZ,瑞特股份
324,002687.SZ,乔治白
325,603167.SS,渤海轮渡
326,600383.SS,金地集团
327,300433.SZ,蓝思科技
328,000420.SZ,吉林化纤
329,000923.SZ,河北宣工
330,000525.SZ,红 太 阳
331,600720.SS,祁连山
332,300113.SZ,顺网科技
333,600106.SS,重庆路桥
334,000666.SZ,经纬纺机
335,601966.SS,玲珑轮胎
336,300705.SZ,九典制药
337,300015.SZ,爱尔眼科
338,600845.SS,宝信软件
339,002428.SZ,云南锗业
340,300276.SZ,三丰智能
341,300588.SZ,熙菱信息
342,603817.SS,海峡环保
343,000669.SZ,金鸿控股
344,002146.SZ,荣盛发展
345,603077.SS,和邦生物
346,002587.SZ,奥拓电子
347,300331.SZ,苏大维格
348,600828.SS,茂业商业
349,002828.SZ,贝肯能源
350,002097.SZ,山河智能
351,600662.SS,强生控股
352,600143.SS,金发科技
353,000616.SZ,海航投资
354,000810.SZ,创维数字
355,300639.SZ,凯普生物
356,600495.SS,晋西车轴
357,300545.SZ,联得装备
358,600701.SS,工大高新
359,000725.SZ,京东方Ａ
360,300410.SZ,正业科技
361,600339.SS,中油工程
362,600129.SS,太极集团
363,002839.SZ,张家港行
364,002699.SZ,美盛文化
365,002685.SZ,华东重机
366,002093.SZ,国脉科技
367,002113.SZ,天润数娱
368,300380.SZ,安硕信息
369,002151.SZ,北斗星通
370,002645.SZ,华宏科技
371,000977.SZ,浪潮信息
372,000421.SZ,南京公用
373,300017.SZ,网宿科技
374,300520.SZ,科大国创
375,600635.SS,大众公用
376,002162.SZ,悦心健康
377,300105.SZ,龙源技术
378,300006.SZ,莱美药业
379,603899.SS,晨光文具
380,000546.SZ,金圆股份
381,300651.SZ,金陵体育
382,002341.SZ,新纶科技
383,600119.SS,长江投资
384,600660.SS,福耀玻璃
385,600460.SS,士兰微
386,300085.SZ,银之杰
387,600287.SS,江苏舜天
388,300510.SZ,金冠电气
389,002434.SZ,万里扬
390,600070.SS,浙江富润
391,600477.SS,杭萧钢构
392,600543.SS,莫高股份
393,002108.SZ,沧州明珠
394,600250.SS,南纺股份
395,300166.SZ,东方国信
396,601398.SS,工商银行
397,600763.SS,通策医疗
398,600883.SS,博闻科技
399,603322.SS,超讯通信
400,300250.SZ,初灵信息
401,603901.SS,永创智能
402,300302.SZ,同有科技
403,002008.SZ,大族激光
404,601688.SS,华泰证券
405,300046.SZ,台基股份
406,002291.SZ,星期六
407,300146.SZ,汤臣倍健
408,300525.SZ,博思软件
409,603690.SS,至纯科技
410,002079.SZ,苏州固锝
411,600293.SS,三峡新材
412,600984.SS,建设机械
413,000554.SZ,泰山石油
414,002663.SZ,普邦股份
415,002666.SZ,德联集团
416,601168.SS,西部矿业
417,600860.SS,*ST京城
418,000948.SZ,南天信息
419,603260.SS,合盛硅业
420,603396.SS,金辰股份
421,603025.SS,大豪科技
422,603313.SS,梦百合
423,002229.SZ,鸿博股份
424,600048.SS,保利地产
425,603566.SS,普莱柯
426,601113.SS,华鼎股份
427,300408.SZ,三环集团
428,600688.SS,上海石化
429,603000.SS,人民网
430,002299.SZ,圣农发展
431,000065.SZ,北方国际
432,600585.SS,海螺水泥
433,600569.SS,安阳钢铁
434,300272.SZ,开能环保
435,300616.SZ,尚品宅配
436,603088.SS,宁波精达
437,000925.SZ,众合科技
438,002027.SZ,分众传媒
439,300469.SZ,信息发展
440,002727.SZ,一心堂
441,002583.SZ,海能达
442,002833.SZ,弘亚数控
443,000418.SZ,小天鹅Ａ
444,601908.SS,京运通
445,603323.SS,吴江银行
446,300343.SZ,联创互联
447,002752.SZ,昇兴股份
448,603399.SS,新华龙
449,300045.SZ,华力创通
450,000568.SZ,泸州老窖
451,000963.SZ,华东医药
452,002776.SZ,柏堡龙
453,300627.SZ,华测导航
454,000782.SZ,美达股份
455,601872.SS,招商轮船
456,600030.SS,中信证券
457,600230.SS,沧州大化
458,002537.SZ,海联金汇
459,600759.SS,洲际油气
460,603959.SS,百利科技
461,000636.SZ,风华高科
462,603223.SS,恒通股份
463,300189.SZ,神农基因
464,600330.SS,天通股份
465,000933.SZ,神火股份
466,300687.SZ,赛意信息
467,002277.SZ,友阿股份
468,300294.SZ,博雅生物
469,600717.SS,天津港
470,300709.SZ,精研科技
471,600462.SS,九有股份
472,603488.SS,展鹏科技
473,600082.SS,海泰发展
474,300449.SZ,汉邦高科
475,601169.SS,北京银行
476,000961.SZ,中南建设
477,002258.SZ,利尔化学
478,600171.SS,上海贝岭
479,002377.SZ,国创高新
480,603678.SS,火炬电子
481,600528.SS,中铁工业
482,000419.SZ,通程控股
483,600886.SS,国投电力
484,002220.SZ,天宝食品
485,000663.SZ,永安林业
486,600086.SS,东方金钰
487,300311.SZ,任子行
488,002806.SZ,华锋股份
489,603588.SS,高能环境
490,600667.SS,太极实业
491,002614.SZ,奥佳华
492,601155.SS,新城控股
493,601028.SS,玉龙股份
494,002716.SZ,金贵银业
495,000776.SZ,广发证券
496,603108.SS,润达医疗
497,600691.SS,阳煤化工
498,601231.SS,环旭电子
499,601933.SS,永辉超市
500,002376.SZ,新北洋
501,600425.SS,*ST青松
502,000548.SZ,湖南投资
503,002083.SZ,孚日股份
504,300223.SZ,北京君正
505,300205.SZ,天喻信息
506,002702.SZ,海欣食品
507,601818.SS,光大银行
508,002530.SZ,金财互联
509,002686.SZ,亿利达
510,002821.SZ,凯莱英
511,600175.SS,美都能源
512,600741.SS,华域汽车
513,601997.SS,贵阳银行
514,603286.SS,日盈电子
515,603728.SS,鸣志电器
516,600377.SS,宁沪高速
517,600572.SS,康恩贝
518,002431.SZ,棕榈股份
519,600981.SS,汇鸿集团
520,000818.SZ,方大化工
521,300142.SZ,沃森生物
522,002095.SZ,生 意 宝
523,000659.SZ,*ST中富
524,002386.SZ,天原集团
525,300271.SZ,华宇软件
526,300036.SZ,超图软件
527,603345.SS,安井食品
528,002514.SZ,宝馨科技
529,000090.SZ,天健集团
530,300033.SZ,同花顺
531,601328.SS,交通银行
532,002511.SZ,中顺洁柔
533,603920.SS,世运电路
534,300027.SZ,华谊兄弟
535,601009.SS,南京银行
536,000633.SZ,合金投资
537,600132.SS,重庆啤酒
538,600593.SS,大连圣亚
539,002797.SZ,第一创业
540,002554.SZ,惠博普
541,000701.SZ,厦门信达
542,002014.SZ,永新股份
543,002346.SZ,柘中股份
544,601965.SS,中国汽研
545,000403.SZ,ST生化
546,000587.SZ,金洲慈航
547,300420.SZ,五洋科技
548,600600.SS,青岛啤酒
549,000338.SZ,潍柴动力
550,601117.SS,中国化学
551,600228.SS,*ST昌九
552,002778.SZ,高科石化
553,601018.SS,宁波港
554,603800.SS,道森股份
555,300108.SZ,吉药控股
556,300023.SZ,宝德股份
557,002602.SZ,世纪华通
558,600581.SS,八一钢铁
559,000068.SZ,华控赛格
560,603816.SS,顾家家居
561,002887.SZ,绿茵生态
562,002586.SZ,围海股份
563,600919.SS,江苏银行
564,600203.SS,福日电子
565,600621.SS,华鑫股份
566,600323.SS,瀚蓝环境
567,300543.SZ,朗科智能
568,002495.SZ,佳隆股份
569,002413.SZ,雷科防务
570,000975.SZ,银泰资源
571,600522.SS,中天科技
572,601127.SS,小康股份
573,000584.SZ,哈工智能
574,300448.SZ,浩云科技
575,603369.SS,今世缘
576,000032.SZ,深桑达Ａ
577,300277.SZ,海联讯
578,600793.SS,宜宾纸业
579,600436.SS,片仔癀
580,300470.SZ,日机密封
581,000553.SZ,沙隆达Ａ
582,601088.SS,中国神华
583,600438.SS,通威股份
584,002233.SZ,塔牌集团
585,002660.SZ,茂硕电源
586,600545.SS,卓郎智能
587,002452.SZ,长高集团
588,000785.SZ,武汉中商
589,603333.SS,明星电缆
590,000819.SZ,岳阳兴长
591,002549.SZ,凯美特气
592,002526.SZ,山东矿机
593,300053.SZ,欧比特
594,601177.SS,杭齿前进
595,002007.SZ,华兰生物
596,002760.SZ,凤形股份
597,002090.SZ,金智科技
598,603139.SS,康惠制药
599,000673.SZ,当代东方
600,600366.SS,宁波韵升
601,002721.SZ,金一文化
602,601689.SS,拓普集团
603,002824.SZ,和胜股份
604,603160.SS,汇顶科技
605,601618.SS,中国中冶
606,300082.SZ,奥克股份
607,600681.SS,百川能源
608,002612.SZ,朗姿股份
609,002025.SZ,航天电器
610,002638.SZ,勤上股份
611,000712.SZ,锦龙股份
612,300419.SZ,浩丰科技
613,601008.SS,连云港
614,603558.SS,健盛集团
615,600519.SS,贵州茅台
616,000058.SZ,深 赛 格
617,603090.SS,宏盛股份
618,300110.SZ,华仁药业
619,603299.SS,井神股份
620,002467.SZ,二六三
621,002123.SZ,梦网集团
622,002463.SZ,沪电股份
623,000892.SZ,欢瑞世纪
624,600559.SS,老白干酒
625,000061.SZ,农 产 品
626,300416.SZ,苏试试验
627,600392.SS,盛和资源
628,002594.SZ,比亚迪
629,300209.SZ,天泽信息
630,300148.SZ,天舟文化
631,300168.SZ,万达信息
632,603200.SS,上海洗霸
633,002722.SZ,金轮股份
634,600908.SS,无锡银行
635,601238.SS,广汽集团
636,600873.SS,梅花生物
637,603977.SS,国泰集团
638,600518.SS,康美药业
639,603030.SS,全筑股份
640,600160.SS,巨化股份
641,603698.SS,航天工程
642,601390.SS,中国中铁
643,002383.SZ,合众思壮
644,601118.SS,海南橡胶
645,002864.SZ,盘龙药业
646,601229.SS,上海银行
647,002496.SZ,辉丰股份
648,000885.SZ,同力水泥
649,603998.SS,方盛制药
650,300467.SZ,迅游科技
651,002399.SZ,海普瑞
652,601766.SS,中国中车
653,002197.SZ,证通电子
654,000607.SZ,华媒控股
655,002086.SZ,东方海洋
656,603085.SS,天成自控
657,601878.SS,浙商证券
658,601952.SS,苏垦农发
659,600748.SS,上实发展
660,000752.SZ,西藏发展
661,300411.SZ,金盾股份
662,601919.SS,中远海控
663,300227.SZ,光韵达
664,002634.SZ,棒杰股份
665,002054.SZ,德美化工
666,603776.SS,永安行
667,600276.SS,恒瑞医药
668,600850.SS,华东电脑
669,000998.SZ,隆平高科
670,600017.SS,日照港
671,000731.SZ,四川美丰
672,002073.SZ,软控股份
673,600900.SS,长江电力
674,601010.SS,文峰股份
675,600280.SS,中央商场
676,002001.SZ,新 和 成
677,600867.SS,通化东宝
678,002330.SZ,得利斯
679,002418.SZ,康盛股份
680,000671.SZ,阳 光 城
681,300578.SZ,会畅通讯
682,600837.SS,海通证券
683,000893.SZ,东凌国际
684,300072.SZ,三聚环保
685,603889.SS,新澳股份
686,002751.SZ,易尚展示
687,601899.SS,紫金矿业
688,300334.SZ,津膜科技
689,000848.SZ,承德露露
690,300128.SZ,锦富技术
691,002225.SZ,濮耐股份
692,000533.SZ,万 家 乐
693,002630.SZ,华西能源
694,002667.SZ,鞍重股份
695,000635.SZ,英 力 特
696,300199.SZ,翰宇药业
697,600854.SS,春兰股份
698,002436.SZ,兴森科技
699,600825.SS,新华传媒
700,002421.SZ,达实智能
701,603366.SS,日出东方
702,000027.SZ,深圳能源
703,603158.SS,腾龙股份
704,300198.SZ,纳川股份
705,300183.SZ,东软载波
706,000599.SZ,青岛双星
707,002499.SZ,科林环保
708,600249.SS,两面针
709,002440.SZ,闰土股份
710,300267.SZ,尔康制药
711,000955.SZ,欣龙控股
712,000518.SZ,四环生物
713,002533.SZ,金杯电工
714,002223.SZ,鱼跃医疗
715,002629.SZ,仁智股份
716,002178.SZ,延华智能
717,002480.SZ,新筑股份
718,600096.SS,云天化
719,600976.SS,健民集团
720,002175.SZ,东方网络
721,002388.SZ,新亚制程
722,600728.SS,佳都科技
723,600188.SS,兖州煤业
724,002803.SZ,吉宏股份
725,300297.SZ,蓝盾股份
726,600830.SS,香溢融通
727,002071.SZ,长城影视
728,600606.SS,绿地控股
729,601006.SS,大秦铁路
730,600260.SS,凯乐科技
731,603833.SS,欧派家居
732,600009.SS,上海机场
733,002316.SZ,键桥通讯
734,600678.SS,四川金顶
735,002891.SZ,中宠股份
736,600887.SS,伊利股份
737,601186.SS,中国铁建
738,603788.SS,宁波高发
739,002324.SZ,普利特
740,600167.SS,联美控股
741,002442.SZ,龙星化工
742,002127.SZ,南极电商
743,300625.SZ,三雄极光
744,002756.SZ,永兴特钢
745,600290.SS,华仪电气
746,601800.SS,中国交建
747,600605.SS,汇通能源
748,000869.SZ,张 裕Ａ
749,002831.SZ,裕同科技
750,603222.SS,济民制药
751,000662.SZ,天夏智慧
752,300415.SZ,伊之密
753,002518.SZ,科士达
754,002045.SZ,国光电器
755,002251.SZ,步 步 高
756,002584.SZ,西陇科学
757,002919.SZ,名臣健康
758,603648.SS,畅联股份
759,002543.SZ,万和电气
760,300631.SZ,久吾高科
761,603825.SS,华扬联众
762,002801.SZ,微光股份
763,300575.SZ,中旗股份
764,300558.SZ,贝达药业
765,603986.SS,兆易创新
766,603828.SS,柯利达
767,603822.SS,嘉澳环保
768,603787.SS,新日股份
769,603637.SS,镇海股份
770,603598.SS,引力传媒
771,603520.SS,司太立
772,603429.SS,集友股份
773,603079.SS,圣达生物
774,603032.SS,德新交运
775,603021.SS,山东华鹏
776,603009.SS,北特科技
777,601985.SS,中国核电
778,601880.SS,大连港
779,601866.SS,中远海发
780,601619.SS,嘉泽新能
781,601600.SS,中国铝业
782,601558.SS,*ST锐电
783,601369.SS,陕鼓动力
784,601216.SS,君正集团
785,601069.SS,西部黄金
786,601058.SS,赛轮金宇
787,601003.SS,柳钢股份
788,600960.SS,渤海活塞
789,600877.SS,*ST嘉陵
790,600870.SS,厦华电子
791,600829.SS,人民同泰
792,600818.SS,中路股份
793,600807.SS,天业股份
794,600794.SS,保税科技
795,600735.SS,新华锦
796,600734.SS,实达集团
797,600733.SS,S*ST前锋
798,600695.SS,绿庭投资
799,600687.SS,刚泰控股
800,600685.SS,中船防务
801,600666.SS,奥瑞德
802,600664.SS,哈药股份
803,600648.SS,外高桥
804,600645.SS,中源协和
805,600643.SS,爱建集团
806,600634.SS,富控互动
807,600614.SS,鹏起科技
808,600596.SS,新安股份
809,600577.SS,精达股份
810,600539.SS,狮头股份
811,600485.SS,信威集团
812,600479.SS,千金药业
813,600421.SS,仰帆控股
814,600400.SS,红豆股份
815,600378.SS,天科股份
816,600365.SS,通葡股份
817,600358.SS,国旅联合
818,600350.SS,山东高速
819,600337.SS,美克家居
820,600309.SS,万华化学
821,600273.SS,嘉化能源
822,600270.SS,外运发展
823,600265.SS,ST景谷
824,600257.SS,大湖股份
825,600252.SS,中恒集团
826,600246.SS,万通地产
827,600242.SS,中昌数据
828,600239.SS,云南城投
829,600227.SS,赤天化
830,600226.SS,瀚叶股份
831,600221.SS,海航控股
832,600187.SS,国中水务
833,600186.SS,莲花健康
834,600169.SS,太原重工
835,600166.SS,福田汽车
836,600162.SS,香江控股
837,600157.SS,永泰能源
838,600150.SS,中国船舶
839,600146.SS,商赢环球
840,600145.SS,*ST新亿
841,600112.SS,*ST天成
842,600084.SS,中葡股份
843,600069.SS,银鸽投资
844,600051.SS,宁波联合
845,600031.SS,三一重工
846,300738.SZ,奥飞数据
847,300680.SZ,隆盛科技
848,300659.SZ,中孚信息
849,300656.SZ,民德电子
850,300629.SZ,新劲刚
851,300621.SZ,维业股份
852,300580.SZ,贝斯特
853,300523.SZ,辰安科技
854,300492.SZ,山鼎设计
855,300455.SZ,康拓红外
856,300444.SZ,双杰电气
857,300441.SZ,鲍斯股份
858,300424.SZ,航新科技
859,300412.SZ,迦南科技
860,300392.SZ,腾信股份
861,300383.SZ,光环新网
862,300368.SZ,汇金股份
863,300356.SZ,光一科技
864,300292.SZ,吴通控股
865,300291.SZ,华录百纳
866,300290.SZ,荣科科技
867,300280.SZ,南通锻压
868,300279.SZ,和晶科技
869,300278.SZ,华昌达
870,300264.SZ,佳创视讯
871,300260.SZ,新莱应材
872,300240.SZ,飞力达
873,300225.SZ,金力泰
874,300216.SZ,千山药机
875,300195.SZ,长荣股份
876,300192.SZ,科斯伍德
877,300187.SZ,永清环保
878,300173.SZ,智慧松德
879,300167.SZ,迪威迅
880,300165.SZ,天瑞仪器
881,300159.SZ,新研股份
882,300157.SZ,恒泰艾普
883,300156.SZ,神雾环保
884,300152.SZ,科融环境
885,300149.SZ,量子高科
886,300143.SZ,星普医科
887,300140.SZ,中环装备
888,300134.SZ,大富科技
889,300131.SZ,英唐智控
890,300129.SZ,泰胜风能
891,300116.SZ,坚瑞沃能
892,300109.SZ,新开源
893,300107.SZ,建新股份
894,300104.SZ,乐视网
895,300090.SZ,盛运环保
896,300087.SZ,荃银高科
897,300086.SZ,康芝药业
898,300084.SZ,海默科技
899,300074.SZ,华平股份
900,300071.SZ,华谊嘉信
901,300059.SZ,东方财富
902,300058.SZ,蓝色光标
903,300056.SZ,三维丝
904,300049.SZ,福瑞股份
905,300038.SZ,梅泰诺
906,300032.SZ,金龙机电
907,300013.SZ,新宁物流
908,300010.SZ,立思辰
909,002870.SZ,香山股份
910,002859.SZ,洁美科技
911,002851.SZ,麦格米特
912,002739.SZ,万达电影
913,002738.SZ,中矿资源
914,002711.SZ,欧浦智网
915,002694.SZ,顾地科技
916,002684.SZ,猛狮科技
917,002676.SZ,顺威股份
918,002674.SZ,兴业科技
919,002628.SZ,成都路桥
920,002622.SZ,融钰集团
921,002621.SZ,三垒股份
922,002611.SZ,东方精工
923,002607.SZ,亚夏汽车
924,002606.SZ,大连电瓷
925,002604.SZ,龙力生物
926,002596.SZ,海南瑞泽
927,002592.SZ,八菱科技
928,002591.SZ,恒大高新
929,002580.SZ,圣阳股份
930,002579.SZ,中京电子
931,002575.SZ,群兴玩具
932,002569.SZ,步森股份
933,002547.SZ,春兴精工
934,002545.SZ,东方铁塔
935,002524.SZ,光正集团
936,002523.SZ,天桥起重
937,002520.SZ,日发精机
938,002517.SZ,恺英网络
939,002516.SZ,旷达科技
940,002512.SZ,达华智能
941,002507.SZ,涪陵榨菜
942,002470.SZ,金正大
943,002458.SZ,益生股份
944,002453.SZ,天马精化
945,002425.SZ,凯撒文化
946,002423.SZ,中原特钢
947,002402.SZ,和而泰
948,002398.SZ,建研集团
949,002389.SZ,南洋科技
950,002366.SZ,台海核电
951,002358.SZ,森源电气
952,002357.SZ,富临运业
953,002355.SZ,兴民智通
954,002345.SZ,潮宏基
955,002344.SZ,海宁皮城
956,002314.SZ,南山控股
957,002312.SZ,*ST三泰
958,002297.SZ,博云新材
959,002289.SZ,宇顺电子
960,002260.SZ,德奥通航
961,002219.SZ,恒康医疗
962,002189.SZ,利达光电
963,002168.SZ,深圳惠程
964,002163.SZ,中航三鑫
965,002160.SZ,常铝股份
966,002125.SZ,湘潭电化
967,002122.SZ,天马股份
968,002112.SZ,三变科技
969,002109.SZ,兴化股份
970,002103.SZ,广博股份
971,002098.SZ,浔兴股份
972,002082.SZ,栋梁新材
973,002075.SZ,沙钢股份
974,002072.SZ,凯瑞德
975,002057.SZ,中钢天源
976,002037.SZ,久联发展
977,002033.SZ,丽江旅游
978,002012.SZ,凯恩股份
979,002005.SZ,德豪润达
980,002004.SZ,华邦健康
981,000995.SZ,皇台酒业
982,000979.SZ,中弘股份
983,000939.SZ,凯迪生态
984,000930.SZ,中粮生化
985,000900.SZ,现代投资
986,000898.SZ,鞍钢股份
987,000820.SZ,神雾节能
988,000812.SZ,陕西金叶
989,000806.SZ,银河生物
990,000793.SZ,华闻传媒
991,000766.SZ,通化金马
992,000757.SZ,浩物股份
993,000753.SZ,漳州发展
994,000732.SZ,泰禾集团
995,000703.SZ,恒逸石化
996,000695.SZ,滨海能源
997,000693.SZ,*ST华泽
998,000688.SZ,建新矿业
999,000682.SZ,东方电子
1000,000678.SZ,襄阳轴承
1001,000638.SZ,万方发展
1002,000617.SZ,中油资本
1003,000592.SZ,平潭发展
1004,000585.SZ,东北电气
1005,000582.SZ,北部湾港
1006,000576.SZ,广东甘化
1007,000566.SZ,海南海药
1008,000564.SZ,供销大集
1009,000557.SZ,西部创业
1010,000547.SZ,航天发展
1011,000540.SZ,中天金融
1012,000516.SZ,国际医学
1013,000509.SZ,华塑控股
1014,000504.SZ,南华生物
1015,000401.SZ,冀东水泥
1016,000301.SZ,东方市场
1017,000159.SZ,国际实业
1018,000158.SZ,常山北明
1019,000156.SZ,华数传媒
1020,000150.SZ,宜华健康
1021,000078.SZ,海王生物
1022,000056.SZ,皇庭国际
1023,000042.SZ,中洲控股
1024,000035.SZ,中国天楹
1025,000034.SZ,神州数码
1026,000031.SZ,中粮地产
1027,000029.SZ,深深房Ａ
1028,000022.SZ,深赤湾Ａ
1029,000019.SZ,深深宝Ａ
1030,000016.SZ,深康佳Ａ
1031,000008.SZ,神州高铁
1032,000007.SZ,全新好
1033,000006.SZ,深振业Ａ
1034,300598.SZ,诚迈科技
1035,300338.SZ,开元股份
1036,603879.SS,永悦科技
1037,600176.SS,中国巨石
1038,300300.SZ,汉鼎宇佑
1039,002647.SZ,民盛金科
1040,000815.SZ,美利云
1041,002609.SZ,捷顺科技
1042,600064.SS,南京高科
1043,603383.SS,顶点软件
1044,601566.SS,九牧王
1045,603377.SS,东方时尚
1046,603696.SS,安记食品
1047,300381.SZ,溢多利
1048,002705.SZ,新宝股份
1049,603069.SS,海汽集团
1050,603003.SS,龙宇燃油
1051,600926.SS,杭州银行
1052,600787.SS,中储股份
1053,603011.SS,合锻智能
1054,000826.SZ,启迪桑德
1055,600809.SS,山西汾酒
1056,000913.SZ,钱江摩托
1057,600128.SS,弘业股份
1058,300295.SZ,三六五网
1059,000969.SZ,安泰科技
1060,000717.SZ,韶钢松山
1061,002213.SZ,特 尔 佳
1062,002542.SZ,中化岩土
1063,002185.SZ,华天科技
1064,002390.SZ,信邦制药
1065,600360.SS,华微电子
1066,600456.SS,宝钛股份
1067,000611.SZ,天首发展
1068,002742.SZ,三圣股份
1069,000416.SZ,民生控股
1070,002659.SZ,中泰桥梁
1071,002411.SZ,必康股份
1072,000889.SZ,茂业通信
1073,000758.SZ,中色股份
1074,600872.SS,中炬高新
1075,601375.SS,中原证券
1076,002252.SZ,上海莱士
1077,000625.SZ,长安汽车
1078,603579.SS,荣泰健康
1079,600121.SS,*ST郑煤
1080,600461.SS,洪城水业
1081,000596.SZ,古井贡酒
1082,300120.SZ,经纬电材
1083,002701.SZ,奥瑞金
1084,002838.SZ,道恩股份
1085,300321.SZ,同大股份
1086,603996.SS,中新科技
1087,300103.SZ,达刚路机
1088,300511.SZ,雪榕生物
1089,300238.SZ,冠昊生物
1090,002283.SZ,天润曲轴
1091,600259.SS,广晟有色
1092,002089.SZ,新 海 宜
1093,300309.SZ,吉艾科技
1094,300471.SZ,厚普股份
1095,000718.SZ,苏宁环球
1096,000828.SZ,东莞控股
1097,002736.SZ,国信证券
1098,001896.SZ,豫能控股
1099,002841.SZ,视源股份
1100,600023.SS,浙能电力
1101,000761.SZ,本钢板材
1102,002400.SZ,省广股份
1103,300437.SZ,清水源
1104,002481.SZ,双塔食品
1105,000780.SZ,*ST平能
1106,300476.SZ,胜宏科技
1107,603177.SS,德创环保
1108,600611.SS,大众交通
1109,002055.SZ,得润电子
1110,000823.SZ,超声电子
1111,002102.SZ,冠福股份
1112,300268.SZ,佳沃股份
1113,601567.SS,三星医疗
1114,002077.SZ,大港股份
1115,601318.SS,中国平安
1116,000425.SZ,徐工机械
1117,600369.SS,西南证券
1118,601098.SS,中南传媒
1119,000157.SZ,中联重科
1120,603630.SS,拉芳家化
1121,002578.SZ,闽发铝业
1122,002509.SZ,天广中茂
1123,002696.SZ,百洋股份
1124,600068.SS,葛洲坝
1125,002435.SZ,长江润发
1126,000430.SZ,张家界
1127,000736.SZ,中交地产
1128,600355.SS,精伦电子
1129,002247.SZ,帝龙文化
1130,300003.SZ,乐普医疗
1131,600802.SS,福建水泥
1132,600561.SS,江西长运
1133,002506.SZ,协鑫集成
1134,002048.SZ,宁波华翔
1135,002807.SZ,江阴银行
1136,002193.SZ,如意集团
1137,002253.SZ,川大智胜
1138,002691.SZ,冀凯股份
1139,000783.SZ,长江证券
1140,000423.SZ,东阿阿胶
1141,300145.SZ,中金环境
1142,000929.SZ,兰州黄河
1143,000610.SZ,西安旅游
1144,600738.SS,兰州民百
1145,603232.SS,格尔软件
1146,600744.SS,华银电力
1147,600063.SS,皖维高新
1148,002060.SZ,粤 水 电
1149,600909.SS,华安证券
1150,300572.SZ,安车检测
1151,000999.SZ,华润三九
1152,300135.SZ,宝利国际
1153,603008.SS,喜临门
1154,600552.SS,凯盛科技
1155,600444.SS,国机通用
1156,600507.SS,方大特钢
1157,600875.SS,东方电气
1158,300382.SZ,斯莱克
1159,000601.SZ,韶能股份
1160,600033.SS,福建高速
1161,603997.SS,继峰股份
1162,601099.SS,太平洋
1163,300263.SZ,隆华节能
1164,300324.SZ,旋极信息
1165,600992.SS,贵绳股份
1166,600098.SS,广州发展
1167,300257.SZ,开山股份
1168,000985.SZ,大庆华科
1169,000902.SZ,新洋丰
1170,000799.SZ,酒鬼酒
1171,300633.SZ,开立医疗
1172,600710.SS,ST常林
1173,300346.SZ,南大光电
1174,002041.SZ,登海种业
1175,600609.SS,金杯汽车
1176,603389.SS,亚振家居
1177,300021.SZ,大禹节水
1178,300306.SZ,远方信息
1179,000803.SZ,*ST金宇
1180,002286.SZ,保龄宝
1181,600491.SS,龙元建设
1182,000908.SZ,景峰医药
1183,300080.SZ,易成新能
1184,002039.SZ,黔源电力
1185,300174.SZ,元力股份
1186,600060.SS,海信电器
1187,600651.SS,飞乐音响
1188,600122.SS,宏图高科
1189,600026.SS,中远海能
1190,300630.SZ,普利制药
1191,002728.SZ,特一药业
1192,600352.SS,浙江龙盛
1193,000882.SZ,华联股份
1194,600999.SS,招商证券
1195,002254.SZ,泰和新材
1196,601929.SS,吉视传媒
1197,600513.SS,联环药业
1198,603838.SS,四通股份
1199,600642.SS,申能股份
1200,600739.SS,辽宁成大
1201,002301.SZ,齐心集团
1202,600428.SS,中远海特
1203,002661.SZ,克明面业
1204,603699.SS,纽威股份
1205,002729.SZ,好利来
1206,002031.SZ,巨轮智能
1207,002009.SZ,天奇股份
1208,600532.SS,宏达矿业
1209,600723.SS,首商股份
1210,600679.SS,上海凤凰
1211,600880.SS,博瑞传播
1212,002062.SZ,宏润建设
1213,002088.SZ,鲁阳节能
1214,300349.SZ,金卡智能
1215,601700.SS,风范股份
1216,002718.SZ,友邦吊顶
1217,002790.SZ,瑞尔特
1218,002232.SZ,启明信息
1219,002132.SZ,恒星科技
1220,300403.SZ,地尔汉宇
1221,002173.SZ,创新医疗
1222,002627.SZ,宜昌交运
1223,600584.SS,长电科技
1224,600269.SS,赣粤高速
1225,300423.SZ,鲁亿通
1226,000685.SZ,中山公用
1227,603918.SS,金桥信息
1228,300069.SZ,金利华电
1229,000680.SZ,山推股份
1230,002683.SZ,宏大爆破
1231,002793.SZ,东音股份
1232,002768.SZ,国恩股份
1233,603036.SS,如通股份
1234,600020.SS,中原高速
1235,300595.SZ,欧普康视
1236,300358.SZ,楚天科技
1237,600555.SS,海航创新
1238,300421.SZ,力星股份
1239,002240.SZ,威华股份
1240,300422.SZ,博世科
1241,601579.SS,会稽山
1242,300119.SZ,瑞普生物
1243,000555.SZ,神州信息
1244,603993.SS,洛阳钼业
1245,000822.SZ,山东海化
1246,600706.SS,曲江文旅
1247,002709.SZ,天赐材料
1248,000729.SZ,燕京啤酒
1249,300626.SZ,华瑞股份
1250,300094.SZ,国联水产
1251,002770.SZ,科迪乳业
1252,600512.SS,腾达建设
1253,300628.SZ,亿联网络
1254,002333.SZ,罗普斯金
1255,603018.SS,中设集团
1256,601628.SS,中国人寿
1257,002827.SZ,高争民爆
1258,002734.SZ,利民股份
1259,000938.SZ,紫光股份
1260,300435.SZ,中泰股份
1261,300445.SZ,康斯特
1262,000981.SZ,银亿股份
1263,300047.SZ,天源迪科
1264,300353.SZ,东土科技
1265,600155.SS,宝硕股份
1266,600022.SS,山东钢铁
1267,603667.SS,五洲新春
1268,603328.SS,依顿电子
1269,300096.SZ,易联众
1270,600180.SS,瑞茂通
1271,600387.SS,海越股份
1272,300325.SZ,德威新材
1273,600808.SS,马钢股份
1274,600718.SS,东软集团
1275,600161.SS,天坛生物
1276,603007.SS,花王股份
1277,002714.SZ,牧原股份
1278,300138.SZ,晨光生物
1279,601107.SS,四川成渝
1280,000002.SZ,万 科Ａ
1281,002029.SZ,七 匹 狼
1282,601188.SS,龙江交通
1283,600959.SS,江苏有线
1284,002656.SZ,摩登大道
1285,002761.SZ,多喜爱
1286,000835.SZ,长城动漫
1287,000429.SZ,粤高速Ａ
1288,601038.SS,一拖股份
1289,300191.SZ,潜能恒信
1290,000698.SZ,沈阳化工
1291,601601.SS,中国太保
1292,600452.SS,涪陵电力
1293,600535.SS,天士力
1294,300106.SZ,西部牧业
1295,300401.SZ,花园生物
1296,601228.SS,广州港
1297,300301.SZ,长方集团
1298,600674.SS,川投能源
1299,300068.SZ,南都电源
1300,002561.SZ,徐家汇
1301,600182.SS,S佳通
1302,002259.SZ,升达林业
1303,002315.SZ,焦点科技
1304,600838.SS,上海九百
1305,002035.SZ,华帝股份
1306,601100.SS,恒立液压
1307,000899.SZ,赣能股份
1308,300155.SZ,安居宝
1309,002143.SZ,印纪传媒
1310,300184.SZ,力源信息
1311,600318.SS,新力金融
1312,600708.SS,光明地产
1313,300370.SZ,安控科技
1314,002126.SZ,银轮股份
1315,300732.SZ,设研院
1316,002059.SZ,云南旅游
1317,002199.SZ,东晶电子
1318,600777.SS,新潮能源
1319,002110.SZ,三钢闽光
1320,300552.SZ,万集科技
1321,000099.SZ,中信海直
1322,600389.SS,江山股份
1323,300287.SZ,飞利信
1324,300005.SZ,探路者
1325,300042.SZ,朗科科技
1326,601677.SS,明泰铝业
1327,600085.SS,同仁堂
1328,600037.SS,歌华有线
1329,002052.SZ,同洲电子
1330,002715.SZ,登云股份
1331,300303.SZ,聚飞光电
1332,000726.SZ,鲁 泰Ａ
1333,000778.SZ,新兴铸管
1334,000672.SZ,上峰水泥
1335,000598.SZ,兴蓉环境
1336,600019.SS,宝钢股份
1337,600216.SS,浙江医药
1338,600197.SS,伊力特
1339,002637.SZ,赞宇科技
1340,002370.SZ,亚太药业
1341,601888.SS,中国国旅
1342,002212.SZ,南洋股份
1343,600704.SS,物产中大
1344,000166.SZ,申万宏源
1345,300269.SZ,联建光电
1346,601339.SS,百隆东方
1347,603718.SS,海利生物
1348,600310.SS,桂东电力
1349,300461.SZ,田中精机
1350,002732.SZ,燕塘乳业
1351,300241.SZ,瑞丰光电
1352,002595.SZ,豪迈科技
1353,300256.SZ,星星科技
1354,600509.SS,天富能源
1355,300091.SZ,金通灵
1356,000543.SZ,皖能电力
1357,002328.SZ,新朋股份
1358,002198.SZ,嘉应制药
1359,601727.SS,上海电气
1360,600277.SS,亿利洁能
1361,600038.SS,中直股份
1362,600234.SS,ST山水
1363,600282.SS,南钢股份
1364,600317.SS,营口港
1365,300362.SZ,天翔环境
1366,601212.SS,白银有色
1367,600987.SS,航民股份
1368,000045.SZ,深纺织Ａ
1369,000936.SZ,华西股份
1370,300367.SZ,东方网力
1371,000586.SZ,汇源通信
1372,601811.SS,新华文轩
1373,002564.SZ,天沃科技
1374,000539.SZ,粤电力Ａ
1375,600566.SS,济川药业
1376,002046.SZ,轴研科技
1377,300102.SZ,乾照光电
1378,002619.SZ,艾格拉斯
1379,600379.SS,宝光股份
1380,600848.SS,上海临港
1381,002270.SZ,华明装备
1382,000883.SZ,湖北能源
1383,603208.SS,江山欧派
1384,600059.SS,古越龙山
1385,600795.SS,国电电力
1386,000735.SZ,罗 牛 山
1387,600467.SS,好当家
1388,002227.SZ,奥 特 迅
1389,300233.SZ,金城医药
1390,002712.SZ,思美传媒
1391,000541.SZ,佛山照明
1392,002003.SZ,伟星股份
1393,300203.SZ,聚光科技
1394,000829.SZ,天音控股
1395,002765.SZ,蓝黛传动
1396,600589.SS,广东榕泰
1397,600111.SS,北方稀土
1398,300635.SZ,达安股份
1399,002016.SZ,世荣兆业
1400,000010.SZ,美丽生态
1401,002167.SZ,东方锆业
1402,600668.SS,尖峰集团
1403,600351.SS,亚宝药业
1404,603168.SS,莎普爱思
1405,300512.SZ,中亚股份
1406,002912.SZ,中新赛克
1407,600815.SS,*ST厦工
1408,600781.SS,辅仁药业
1409,000402.SZ,金 融 街
1410,600307.SS,酒钢宏兴
1411,300660.SZ,江苏雷利
1412,000878.SZ,云南铜业
1413,600682.SS,南京新百
1414,300065.SZ,海兰信
1415,600716.SS,凤凰股份
1416,002830.SZ,名雕股份
1417,002053.SZ,云南能投
1418,300706.SZ,阿石创
1419,002769.SZ,普路通
1420,600107.SS,美尔雅
1421,603799.SS,华友钴业
1422,000563.SZ,陕国投Ａ
1423,002664.SZ,长鹰信质
1424,300532.SZ,今天国际
1425,002560.SZ,通达股份
1426,600079.SS,人福医药
1427,601991.SS,大唐发电
1428,002171.SZ,楚江新材
1429,000623.SZ,吉林敖东
1430,603269.SS,海鸥股份
1431,600018.SS,上港集团
1432,603555.SS,贵人鸟
1433,600190.SS,锦州港
1434,000922.SZ,*ST佳电
1435,300513.SZ,恒泰实达
1436,600771.SS,广誉远
1437,002471.SZ,中超控股
1438,000860.SZ,顺鑫农业
1439,300472.SZ,新元科技
1440,002100.SZ,天康生物
1441,000581.SZ,威孚高科
1442,002515.SZ,金字火腿
1443,601788.SS,光大证券
1444,002483.SZ,润邦股份
1445,000668.SZ,荣丰控股
1446,300150.SZ,世纪瑞尔
1447,000573.SZ,粤宏远Ａ
1448,603843.SS,正平股份
1449,601211.SS,国泰君安
1450,600212.SS,江泉实业
1451,002094.SZ,青岛金王
1452,600177.SS,雅戈尔
1453,002360.SZ,同德化工
1454,601020.SS,华钰矿业
1455,603501.SS,韦尔股份
1456,600363.SS,联创光电
1457,603887.SS,城地股份
1458,300133.SZ,华策影视
1459,600078.SS,澄星股份
1460,300395.SZ,菲利华
1461,000890.SZ,法 尔 胜
1462,002107.SZ,沃华医药
1463,600834.SS,申通地铁
1464,601881.SS,中国银河
1465,600057.SS,象屿股份
1466,002733.SZ,雄韬股份
1467,600936.SS,广西广电
1468,002237.SZ,恒邦股份
1469,002337.SZ,赛象科技
1470,603226.SS,菲林格尔
1471,002585.SZ,双星新材
1472,600368.SS,五洲交通
1473,600308.SS,华泰股份
1474,300242.SZ,明家联合
1475,600640.SS,号百控股
1476,601225.SS,陕西煤业
1477,300182.SZ,捷成股份
1478,000046.SZ,泛海控股
1479,600885.SS,宏发股份
1480,000876.SZ,新 希 望
1481,600292.SS,远达环保
1482,601158.SS,重庆水务
1483,002397.SZ,梦洁股份
1484,300529.SZ,健帆生物
1485,601616.SS,广电电气
1486,600348.SS,阳泉煤业
1487,002693.SZ,双成药业
1488,002170.SZ,芭田股份
1489,601258.SS,庞大集团
1490,300354.SZ,东华测试
1491,603568.SS,伟明环保
1492,002359.SZ,北讯集团
1493,000524.SZ,岭南控股
1494,002298.SZ,中电鑫龙
1495,600810.SS,神马股份
1496,601368.SS,绿城水务
1497,002565.SZ,顺灏股份
1498,002737.SZ,葵花药业
1499,600458.SS,时代新材
1500,002741.SZ,光华科技
1501,603203.SS,快克股份
1502,002282.SZ,博深工具
1503,000665.SZ,湖北广电
1504,600225.SS,*ST松江
1505,600100.SS,同方股份
1506,002236.SZ,大华股份
1507,600993.SS,马应龙
1508,002164.SZ,宁波东力
1509,300037.SZ,新宙邦
1510,000089.SZ,深圳机场
1511,603616.SS,韩建河山
1512,601669.SS,中国电建
1513,600578.SS,京能电力
1514,000727.SZ,华东科技
1515,300414.SZ,中光防雷
1516,002817.SZ,黄山胶囊
1517,600568.SS,中珠医疗
1518,002181.SZ,粤 传 媒
1519,300180.SZ,华峰超纤
1520,002589.SZ,瑞康医药
1521,601898.SS,中煤能源
1522,300528.SZ,幸福蓝海
1523,600488.SS,天药股份
1524,603519.SS,立霸股份
1525,600637.SS,东方明珠
1526,603178.SS,圣龙股份
1527,002819.SZ,东方中科
1528,600601.SS,方正科技
1529,002205.SZ,国统股份
1530,600109.SS,国金证券
1531,300118.SZ,东方日升
1532,300434.SZ,金石东方
1533,300485.SZ,赛升药业
1534,600897.SS,厦门空港
1535,600325.SS,华发股份
1536,300389.SZ,艾比森
1537,002221.SZ,东华能源
1538,300124.SZ,汇川技术
1539,002426.SZ,胜利精密
1540,002410.SZ,广联达
1541,300275.SZ,梅安森
1542,600731.SS,湖南海利
1543,000415.SZ,渤海金控
1544,601901.SS,方正证券
1545,300475.SZ,聚隆科技
1546,000789.SZ,万年青
1547,002412.SZ,汉森制药
1548,600508.SS,上海能源
1549,002757.SZ,南兴装备
1550,002038.SZ,双鹭药业
1551,000990.SZ,诚志股份
1552,002459.SZ,天业通联
1553,600811.SS,东方集团
1554,603919.SS,金徽酒
1555,603978.SS,深圳新星
1556,000030.SZ,富奥股份
1557,603368.SS,柳州医药
1558,600195.SS,中牧股份
1559,002034.SZ,旺能环境
1560,000523.SZ,广州浪奇
1561,600895.SS,张江高科
1562,600297.SS,广汇汽车
1563,300337.SZ,银邦股份
1564,002812.SZ,创新股份
1565,601789.SS,宁波建工
1566,600236.SS,桂冠电力
1567,002538.SZ,司尔特
1568,300335.SZ,迪森股份
1569,000088.SZ,盐 田 港
1570,600548.SS,深高速
1571,300551.SZ,古鳌科技
1572,300341.SZ,麦迪电气
1573,600319.SS,亚星化学
1574,002118.SZ,紫鑫药业
1575,600821.SS,津劝业
1576,603737.SS,三棵树
1577,600151.SS,航天机电
1578,002581.SZ,未名医药
1579,300007.SZ,汉威科技
1580,601016.SS,节能风电
1581,600816.SS,安信信托
1582,002375.SZ,亚厦股份
1583,600278.SS,东方创业
1584,300495.SZ,美尚生态
1585,600288.SS,大恒科技
1586,600401.SS,*ST海润
1587,600996.SS,贵广网络
1588,300611.SZ,美力科技
1589,601388.SS,怡球资源
1590,603536.SS,惠发股份
1591,603123.SS,翠微股份
1592,002469.SZ,三维工程
1593,002207.SZ,*ST准油
1594,600982.SS,宁波热电
1595,300266.SZ,兴源环境
1596,300070.SZ,碧水源
1597,600800.SS,天津磁卡
1598,002644.SZ,佛慈制药
1599,002636.SZ,金安国纪
1600,600639.SS,浦东金桥
1601,300237.SZ,美晨生态
1602,300255.SZ,常山药业
1603,603659.SS,璞泰来
1604,600483.SS,福能股份
1605,603315.SS,福鞍股份
1606,600983.SS,惠而浦
1607,600327.SS,大东方
1608,002396.SZ,星网锐捷
1609,000821.SZ,京山轻机
1610,600881.SS,亚泰集团
1611,603860.SS,中公高科
1612,000650.SZ,仁和药业
1613,000544.SZ,中原环保
1614,600370.SS,三房巷
1615,600233.SS,圆通速递
1616,002494.SZ,华斯股份
1617,002433.SZ,太安堂
1618,600423.SS,*ST柳化
1619,000768.SZ,中航飞机
1620,600707.SS,彩虹股份
1621,600979.SS,广安爱众
1622,600820.SS,隧道股份
1623,600396.SS,金山股份
1624,603306.SS,华懋科技
1625,300040.SZ,九洲电气
1626,603909.SS,合诚股份
1627,002387.SZ,黑牛食品
1628,600331.SS,宏达股份
1629,600168.SS,武汉控股
1630,002405.SZ,四维图新
1631,002136.SZ,安 纳 达
1632,600007.SS,中国国贸
1633,600380.SS,健康元
1634,000967.SZ,盈峰环境
1635,002532.SZ,新界泵业
1636,300531.SZ,优博讯
1637,000017.SZ,深中华A
1638,000978.SZ,桂林旅游
1639,000413.SZ,东旭光电
1640,002669.SZ,康达新材
1641,600039.SS,四川路桥
1642,600835.SS,上海机电
1643,300682.SZ,朗新科技
1644,000886.SZ,海南高速
1645,002670.SZ,国盛金控
1646,600220.SS,江苏阳光
1647,000911.SZ,南宁糖业
1648,300413.SZ,快乐购
1649,600061.SS,国投资本
1650,000677.SZ,恒天海龙
1651,002165.SZ,红 宝 丽
1652,300429.SZ,强力新材
1653,603041.SS,美思德
1654,600108.SS,亚盛集团
1655,002148.SZ,北纬科技
1656,600978.SS,宜华生活
1657,300604.SZ,长川科技
1658,600896.SS,览海投资
1659,300432.SZ,富临精工
1660,002321.SZ,华英农业
1661,002446.SZ,盛路通信
1662,600062.SS,华润双鹤
1663,002145.SZ,中核钛白
1664,600602.SS,云赛智联
1665,000839.SZ,中信国安
1666,000683.SZ,远兴能源
1667,002262.SZ,恩华药业
1668,601519.SS,*ST智慧
1669,603218.SS,日月股份
1670,300533.SZ,冰川网络
1671,000100.SZ,TCL 集团
1672,600126.SS,杭钢股份
1673,002527.SZ,新时达
1674,002444.SZ,巨星科技
1675,600863.SS,内蒙华电
1676,600775.SS,南京熊猫
1677,603677.SS,奇精机械
1678,002017.SZ,东信和平
1679,300571.SZ,平治信息
1680,300591.SZ,万里马
1681,300493.SZ,润欣科技
1682,300502.SZ,新易盛
1683,002080.SZ,中材科技
1684,600397.SS,安源煤业
1685,600312.SS,平高电气
1686,300137.SZ,先河环保
1687,000953.SZ,*ST河化
1688,600320.SS,振华重工
1689,000909.SZ,数源科技
1690,300391.SZ,康跃科技
1691,002706.SZ,良信电器
1692,000833.SZ,贵糖股份
1693,601886.SS,江河集团
1694,600626.SS,申达股份
1695,601007.SS,金陵饭店
1696,603169.SS,兰石重装
1697,000917.SZ,电广传媒
1698,600730.SS,中国高科
1699,000711.SZ,京蓝科技
1700,600139.SS,西部资源
1701,000970.SZ,中科三环
1702,603027.SS,千禾味业
1703,600470.SS,六国化工
1704,002489.SZ,浙江永强
1705,601126.SS,四方股份
1706,002261.SZ,拓维信息
1707,300390.SZ,天华超净
1708,000528.SZ,柳 工
1709,002445.SZ,中南文化
1710,600892.SS,大晟文化
1711,600780.SS,通宝能源
1712,002731.SZ,萃华珠宝
1713,300206.SZ,理邦仪器
1714,000700.SZ,模塑科技
1715,600170.SS,上海建工
1716,300213.SZ,佳讯飞鸿
1717,002758.SZ,华通医药
1718,600869.SS,智慧能源
1719,002867.SZ,周大生
1720,002682.SZ,龙洲股份
1721,000798.SZ,中水渔业
1722,300029.SZ,天龙光电
1723,002186.SZ,全 聚 德
1724,600819.SS,耀皮玻璃
1725,002201.SZ,九鼎新材
1726,600636.SS,*ST爱富
1727,300699.SZ,光威复材
1728,600841.SS,上柴股份
1729,600567.SS,山鹰纸业
1730,300615.SZ,欣天科技
1731,603868.SS,飞科电器
1732,300228.SZ,富瑞特装
1733,601311.SS,骆驼股份
1734,600641.SS,万业企业
1735,600375.SS,华菱星马
1736,002380.SZ,科远股份
1737,002361.SZ,神剑股份
1738,002422.SZ,科伦药业
1739,000721.SZ,西安饮食
1740,300193.SZ,佳士科技
1741,002051.SZ,中工国际
1742,600083.SS,博信股份
1743,603042.SS,华脉科技
1744,300215.SZ,电科院
1745,002092.SZ,中泰化学
1746,300154.SZ,瑞凌股份
1747,002725.SZ,跃岭股份
1748,300518.SZ,盛讯达
1749,002665.SZ,首航节能
1750,300584.SZ,海辰药业
1751,601377.SS,兴业证券
1752,600207.SS,安彩高科
1753,000565.SZ,渝三峡Ａ
1754,600658.SS,电子城
1755,300207.SZ,欣旺达
1756,002698.SZ,博实股份
1757,603602.SS,纵横通信
1758,000550.SZ,江铃汽车
1759,000850.SZ,华茂股份
1760,603388.SS,元成股份
1761,300144.SZ,宋城演艺
1762,300039.SZ,上海凯宝
1763,002550.SZ,千红制药
1764,000905.SZ,厦门港务
1765,000795.SZ,英洛华
1766,600653.SS,申华控股
1767,000779.SZ,三毛派神
1768,600021.SS,上海电力
1769,000831.SZ,五矿稀土
1770,300190.SZ,维尔利
1771,002216.SZ,三全食品
1772,002338.SZ,奥普光电
1773,000679.SZ,大连友谊
1774,600671.SS,天目药业
1775,600199.SS,金种子酒
1776,002278.SZ,神开股份
1777,002190.SZ,成飞集成
1778,000888.SZ,峨眉山Ａ
1779,000800.SZ,一汽轿车
1780,000652.SZ,泰达股份
1781,601179.SS,中国西电
1782,601928.SS,凤凰传媒
1783,002026.SZ,山东威达
1784,002013.SZ,中航机电
1785,600737.SS,中粮糖业
1786,600827.SS,百联股份
1787,600826.SS,兰生股份
1788,601518.SS,吉林高速
1789,002318.SZ,久立特材
1790,000919.SZ,金陵药业
1791,603456.SS,九洲药业
1792,002641.SZ,永高股份
1793,000762.SZ,西藏矿业
1794,002539.SZ,云图控股
1795,000531.SZ,穗恒运Ａ
1796,002393.SZ,力生制药
1797,600493.SS,凤竹纺织
1798,600218.SS,全柴动力
1799,002570.SZ,贝因美
1800,300093.SZ,金刚玻璃
1801,000788.SZ,北大医药
1802,300014.SZ,亿纬锂能
1803,600833.SS,第一医药
1804,002203.SZ,海亮股份
1805,601326.SS,秦港股份
1806,601208.SS,东材科技
1807,300012.SZ,华测检测
1808,000903.SZ,云内动力
1809,603600.SS,永艺股份
1810,600755.SS,厦门国贸
1811,002394.SZ,联发股份
1812,300583.SZ,赛托生物
1813,300509.SZ,新美星
1814,300221.SZ,银禧科技
1815,600343.SS,航天动力
1816,002593.SZ,日上集团
1817,600757.SS,长江传媒
1818,600004.SS,白云机场
1819,002124.SZ,天邦股份
1820,002677.SZ,浙江美大
1821,601128.SS,常熟银行
1822,002363.SZ,隆基机械
1823,603020.SS,爱普股份
1824,000521.SZ,美菱电器
1825,600790.SS,轻纺城
1826,603188.SS,亚邦股份
1827,600284.SS,浦东建设
1828,600386.SS,北巴传媒
1829,002187.SZ,广百股份
1830,300025.SZ,华星创业
1831,601798.SS,蓝科高新
1832,603798.SS,康普顿
1833,002155.SZ,湖南黄金
1834,300099.SZ,精准信息
1835,600382.SS,广东明珠
1836,600894.SS,广日股份
1837,000825.SZ,太钢不锈
1838,002840.SZ,华统股份
1839,002352.SZ,顺丰控股
1840,601992.SS,金隅股份
1841,300443.SZ,金雷风电
1842,600243.SS,青海华鼎
1843,000797.SZ,中国武夷
1844,601996.SS,丰林集团
1845,300026.SZ,红日药业
1846,000912.SZ,*ST天化
1847,300305.SZ,裕兴股份
1848,300357.SZ,我武生物
1849,002513.SZ,蓝丰生化
1850,600798.SS,宁波海运
1851,002335.SZ,科华恒盛
1852,600694.SS,大商股份
1853,600406.SS,国电南瑞
1854,300327.SZ,中颖电子
1855,002179.SZ,中航光电
1856,300031.SZ,宝通科技
1857,000597.SZ,东北制药
1858,002708.SZ,光洋股份
1859,002351.SZ,漫步者
1860,002154.SZ,报 喜 鸟
1861,002044.SZ,美年健康
1862,002608.SZ,江苏国信
1863,002836.SZ,新宏泽
1864,600010.SS,包钢股份
1865,002498.SZ,汉缆股份
1866,002451.SZ,摩恩电气
1867,002166.SZ,莱茵生物
1868,601611.SS,中国核建
1869,603318.SS,派思股份
1870,600054.SS,黄山旅游
1871,300194.SZ,福安药业
1872,603577.SS,汇金通
1873,002772.SZ,众兴菌业
1874,000063.SZ,中兴通讯
1875,000968.SZ,蓝焰控股
1876,000513.SZ,丽珠集团
1877,603888.SS,新华网
1878,002639.SZ,雪人股份
1879,600969.SS,郴电国际
1880,002296.SZ,辉煌科技
1881,300212.SZ,易华录
1882,600858.SS,银座股份
1883,600855.SS,航天长峰
1884,002303.SZ,美盈森
1885,600575.SS,皖江物流
1886,600676.SS,交运股份
1887,300314.SZ,戴维医疗
1888,000750.SZ,国海证券
1889,300456.SZ,耐威科技
1890,603658.SS,安图生物
1891,000862.SZ,银星能源
1892,002244.SZ,滨江集团
1893,601515.SS,东风股份
1894,002332.SZ,仙琚制药
1895,600189.SS,吉林森工
1896,603198.SS,迎驾贡酒
1897,002317.SZ,众生药业
1898,600831.SS,广电网络
1899,603117.SS,万林股份
1900,002320.SZ,海峡股份
1901,601199.SS,江南水务
1902,600116.SS,三峡水利
1903,600824.SS,益民集团
1904,600210.SS,紫江企业
1905,601777.SS,力帆股份
1906,600499.SS,科达洁能
1907,000040.SZ,东旭蓝天
1908,600767.SS,*ST运盛
1909,000813.SZ,德展健康
1910,002599.SZ,盛通股份
1911,000709.SZ,河钢股份
1912,600076.SS,康欣新材
1913,600705.SS,中航资本
1914,600455.SS,博通股份
1915,600677.SS,航天通信
1916,000025.SZ,特 力Ａ
1917,600408.SS,安泰集团
1918,600094.SS,大名城
1919,603569.SS,长久物流
1920,002438.SZ,江苏神通
1921,300304.SZ,云意电气
1922,603128.SS,华贸物流
1923,601500.SS,通用股份
1924,000852.SZ,石化机械
1925,002135.SZ,东南网架
1926,600538.SS,国发股份
1927,600097.SS,开创国际
1928,002074.SZ,国轩高科
1929,300218.SZ,安利股份
1930,600261.SS,阳光照明
1931,600970.SS,中材国际
1932,000989.SZ,九 芝 堂
1933,600675.SS,中华企业
1934,002534.SZ,杭锅股份
1935,300622.SZ,博士眼镜
1936,300326.SZ,凯利泰
1937,600628.SS,新世界
1938,002535.SZ,林州重机
1939,600773.SS,西藏城投
1940,000589.SZ,黔轮胎Ａ
1941,002101.SZ,广东鸿图
1942,603638.SS,艾迪精密
1943,600403.SS,*ST大有
1944,002144.SZ,宏达高科
1945,600784.SS,鲁银投资
1946,300286.SZ,安科瑞
1947,002218.SZ,拓日新能
1948,603716.SS,塞力斯
1949,300050.SZ,世纪鼎利
1950,600846.SS,同济科技
1951,600409.SS,三友化工
1952,002180.SZ,纳思达
1953,000988.SZ,华工科技
1954,000536.SZ,华映科技
1955,603298.SS,杭叉集团
1956,600011.SS,华能国际
1957,000572.SZ,海马汽车
1958,300527.SZ,华舟应急
1959,600719.SS,大连热电
1960,002275.SZ,桂林三金
1961,600153.SS,建发股份
1962,002141.SZ,贤丰控股
1963,300363.SZ,博腾股份
1964,300251.SZ,光线传媒
1965,300057.SZ,万顺股份
1966,300486.SZ,东杰智能
1967,601717.SS,郑煤机
1968,600268.SS,国电南自
1969,300490.SZ,华自科技
1970,300112.SZ,万讯自控
1971,002521.SZ,齐峰新材
1972,603100.SS,川仪股份
1973,300160.SZ,秀强股份
1974,002294.SZ,信立泰
1975,600497.SS,驰宏锌锗
1976,000506.SZ,中润资源
1977,000037.SZ,深南电A
1978,300139.SZ,晓程科技
1979,300563.SZ,神宇股份
1980,000719.SZ,大地传媒
1981,000809.SZ,*ST新城
1982,002028.SZ,思源电气
1983,300439.SZ,美康生物
1984,601989.SS,中国重工
1985,600644.SS,乐山电力
1986,000534.SZ,万泽股份
1987,600851.SS,海欣股份
1988,603311.SS,金海环境
1989,002540.SZ,亚太科技
1990,600864.SS,哈投股份
1991,300498.SZ,温氏股份
1992,600650.SS,锦江投资
1993,000637.SZ,茂化实华
1994,300248.SZ,新开普
1995,601106.SS,*ST一重
1996,600971.SS,恒源煤电
1997,600521.SS,华海药业
1998,300568.SZ,星源材质
1999,300235.SZ,方直科技
2000,600211.SS,西藏药业
2001,600980.SS,北矿科技
2002,600219.SS,南山铝业
2003,000767.SZ,漳泽电力
2004,000856.SZ,冀东装备
2005,000960.SZ,锡业股份
2006,603355.SS,莱克电气
2007,600381.SS,青海春天
2008,000627.SZ,天茂集团
2009,600663.SS,陆家嘴
2010,600359.SS,新农开发
2011,600209.SS,罗顿发展
2012,600196.SS,复星医药
2013,002068.SZ,黑猫股份
2014,300561.SZ,汇金科技
2015,000619.SZ,海螺型材
2016,600861.SS,北京城乡
2017,000009.SZ,中国宝安
2018,603111.SS,康尼机电
2019,002491.SZ,通鼎互联
2020,600415.SS,小商品城
2021,000881.SZ,中广核技
2022,603116.SS,红蜻蜓
2023,000639.SZ,西王食品
2024,600295.SS,鄂尔多斯
2025,600373.SS,中文传媒
2026,600557.SS,康缘药业
2027,600822.SS,上海物贸
2028,600587.SS,新华医疗
2029,002555.SZ,三七互娱
2030,000715.SZ,中兴商业
2031,603606.SS,东方电缆
2032,002528.SZ,英飞拓
2033,600110.SS,诺德股份
2034,000023.SZ,深天地Ａ
2035,600692.SS,亚通股份
2036,002802.SZ,洪汇新材
2037,300332.SZ,天壕环境
2038,002546.SZ,新联电子
2039,002064.SZ,华峰氨纶
2040,300342.SZ,天银机电
2041,000656.SZ,金科股份
2042,000552.SZ,靖远煤电
2043,002099.SZ,海翔药业
2044,300044.SZ,赛为智能
2045,000559.SZ,万向钱潮
2046,002562.SZ,兄弟科技
2047,300667.SZ,必创科技
2048,000069.SZ,华侨城Ａ
2049,601607.SS,上海医药
2050,601218.SS,吉鑫科技
2051,002730.SZ,电光科技
2052,002367.SZ,康力电梯
2053,002876.SZ,三利谱
2054,002502.SZ,骅威文化
2055,002228.SZ,合兴包装
2056,002892.SZ,科力尔
2057,600655.SS,豫园股份
2058,002633.SZ,申科股份
2059,002356.SZ,赫美集团
2060,002476.SZ,宝莫股份
2061,600091.SS,ST明科
2062,002789.SZ,建艺集团
2063,300197.SZ,铁汉生态
2064,603098.SS,森特股份
2065,600496.SS,精工钢构
2066,300111.SZ,向日葵
2067,603508.SS,思维列控
2068,300394.SZ,天孚通信
2069,002191.SZ,劲嘉股份
2070,002658.SZ,雪迪龙
2071,603599.SS,广信股份
2072,300236.SZ,上海新阳
2073,601163.SS,三角轮胎
2074,002843.SZ,泰嘉股份
2075,600580.SS,卧龙电气
2076,300550.SZ,和仁科技
2077,300642.SZ,透景生命
2078,002266.SZ,浙富控股
2079,600335.SS,国机汽车
2080,603869.SS,北部湾旅
2081,600012.SS,皖通高速
2082,300530.SZ,达志科技
2083,300284.SZ,苏交科
2084,300360.SZ,炬华科技
2085,300330.SZ,华虹计通
2086,000932.SZ,*ST华菱
2087,300201.SZ,海伦哲
2088,600118.SS,中国卫星
2089,300398.SZ,飞凯材料
2090,002249.SZ,大洋电机
2091,001696.SZ,宗申动力
2092,002408.SZ,齐翔腾达
2093,000661.SZ,长春高新
2094,600080.SS,金花股份
2095,002448.SZ,中原内配
2096,600517.SS,置信电气
2097,300283.SZ,温州宏丰
2098,300177.SZ,中海达
2099,002241.SZ,歌尔股份
2100,002880.SZ,卫光生物
2101,002121.SZ,科陆电子
2102,002204.SZ,大连重工
2103,600229.SS,城市传媒
2104,300282.SZ,汇冠股份
2105,600232.SS,金鹰股份
2106,002679.SZ,福建金森
2107,600766.SS,园城黄金
2108,002598.SZ,山东章鼓
2109,000520.SZ,长航凤凰
2110,601999.SS,出版传媒
2111,000837.SZ,秦川机床
2112,601000.SS,唐山港
2113,002829.SZ,星网宇达
2114,002111.SZ,威海广泰
2115,000153.SZ,丰原药业
2116,002378.SZ,章源钨业
2117,600805.SS,悦达投资
2118,002347.SZ,泰尔股份
2119,600329.SS,中新药业
2120,600770.SS,综艺股份
2121,300566.SZ,激智科技
2122,600750.SS,江中药业
2123,000708.SZ,大冶特钢
2124,000408.SZ,藏格控股
2125,600291.SS,西水股份
2126,002404.SZ,嘉欣丝绸
2127,000713.SZ,丰乐种业
2128,300081.SZ,恒信东方
2129,300172.SZ,中电环保
2130,300567.SZ,精测电子
2131,000498.SZ,山东路桥
2132,600498.SS,烽火通信
2133,300063.SZ,天龙集团
2134,000921.SZ,海信科龙
2135,300041.SZ,回天新材
2136,600090.SS,同济堂
2137,002568.SZ,百润股份
2138,002238.SZ,天威视讯
2139,603063.SS,禾望电气
2140,002255.SZ,海陆重工
2141,300559.SZ,佳发安泰
2142,300083.SZ,劲胜智能
2143,300123.SZ,太阳鸟
2144,300323.SZ,华灿光电
2145,002566.SZ,益盛药业
2146,002462.SZ,嘉事堂
2147,300289.SZ,利德曼
2148,600817.SS,*ST宏盛
2149,002577.SZ,雷柏科技
2150,000507.SZ,珠海港
2151,002374.SZ,丽鹏股份
2152,300158.SZ,振东制药
2153,603166.SS,福达股份
2154,000980.SZ,众泰汽车
2155,600724.SS,宁波富达
2156,002479.SZ,富春环保
2157,600975.SS,新五丰
2158,600761.SS,安徽合力
2159,002067.SZ,景兴纸业
2160,603636.SS,南威软件
2161,002326.SZ,永太科技
2162,000983.SZ,西山煤电
2163,002707.SZ,众信旅游
2164,002084.SZ,海鸥卫浴
2165,600958.SS,东方证券
2166,603801.SS,志邦股份
2167,000070.SZ,特发信息
2168,300169.SZ,天晟新材
2169,000993.SZ,闽东电力
2170,000488.SZ,晨鸣纸业
2171,000501.SZ,鄂武商Ａ
2172,600267.SS,海正药业
2173,603225.SS,新凤鸣
2174,002022.SZ,科华生物
2175,002477.SZ,雏鹰农牧
2176,600066.SS,宇通客车
2177,600103.SS,青山纸业
2178,000901.SZ,航天科技
2179,002420.SZ,毅昌股份
2180,002076.SZ,雪 莱 特
2181,603633.SS,徕木股份
2182,603898.SS,好莱客
2183,000707.SZ,双环科技
2184,000931.SZ,中 关 村
2185,000966.SZ,长源电力
2186,300447.SZ,全信股份
2187,002406.SZ,远东传动
2188,600238.SS,海南椰岛
2189,600300.SS,维维股份
2190,002651.SZ,利君股份
2191,002559.SZ,亚威股份
2192,603877.SS,太平鸟
2193,002269.SZ,美邦服饰
2194,002796.SZ,世嘉科技
2195,600586.SS,金晶科技
2196,600316.SS,洪都航空
2197,600077.SS,宋都股份
2198,300265.SZ,通光线缆
2199,603015.SS,弘讯科技
2200,600248.SS,延长化建
2201,600123.SS,兰花科创
2202,603679.SS,华体科技
2203,002571.SZ,*ST德力
2204,300458.SZ,全志科技
2205,600405.SS,动力源
2206,600356.SS,恒丰纸业
2207,000410.SZ,*ST沈机
2208,603639.SS,海利尔
2209,600836.SS,界龙实业
2210,300601.SZ,康泰生物
2211,000510.SZ,金路集团
2212,300653.SZ,正海生物
2213,002403.SZ,爱仕达
2214,600556.SS,ST慧球
2215,603029.SS,天鹅股份
2216,002501.SZ,利源精制
2217,002231.SZ,奥维通信
2218,300522.SZ,世名科技
2219,600616.SS,金枫酒业
2220,000545.SZ,金浦钛业
2221,600551.SS,时代出版
2222,000519.SZ,中兵红箭
2223,603990.SS,麦迪科技
2224,300161.SZ,华中数控
2225,000733.SZ,振华科技
2226,603903.SS,中持股份
2227,300553.SZ,集智股份
2228,300350.SZ,华鹏飞
2229,000976.SZ,华铁股份
2230,300589.SZ,江龙船艇
2231,603938.SS,三孚股份
2232,600736.SS,苏州高新
2233,002069.SZ,獐子岛
2234,000591.SZ,太阳能
2235,000705.SZ,浙江震元
2236,002620.SZ,瑞和股份
2237,600247.SS,ST成城
2238,601678.SS,滨化股份
2239,600362.SS,江西铜业
2240,300196.SZ,长海股份
2241,002574.SZ,明牌珠宝
2242,600482.SS,中国动力
2243,002327.SZ,富安娜
2244,300481.SZ,濮阳惠成
2245,603038.SS,华立股份
2246,002049.SZ,紫光国芯
2247,300126.SZ,锐奇股份
2248,600480.SS,凌云股份
2249,600732.SS,ST新梅
2250,000937.SZ,冀中能源
2251,000404.SZ,华意压缩
2252,600792.SS,云煤能源
2253,601333.SS,广深铁路
2254,600027.SS,华电国际
2255,002646.SZ,青青稞酒
2256,600889.SS,南京化纤
2257,600399.SS,抚顺特钢
2258,600255.SS,梦舟股份
2259,600893.SS,航发动力
2260,600966.SS,博汇纸业
2261,600624.SS,复旦复华
2262,002719.SZ,麦趣尔
2263,002492.SZ,恒基达鑫
2264,600973.SS,宝胜股份
2265,600558.SS,大西洋
2266,002362.SZ,汉王科技
2267,002325.SZ,洪涛股份
2268,000791.SZ,甘肃电投
2269,000538.SZ,云南白药
2270,002305.SZ,南国置业
2271,600050.SS,中国联通
2272,600769.SS,祥龙电业
2273,603886.SS,元祖股份
2274,600489.SS,中金黄金
2275,000014.SZ,沙河股份
2276,002456.SZ,欧菲科技
2277,603233.SS,大参林
2278,600202.SS,哈空调
2279,600745.SS,闻泰科技
2280,002329.SZ,皇氏集团
2281,300516.SZ,久之洋
2282,601366.SS,利群股份
2283,002245.SZ,澳洋顺昌
2284,603567.SS,珍宝岛
2285,300503.SZ,昊志机电
2286,300175.SZ,朗源股份
2287,000155.SZ,川化股份
2288,600862.SS,中航高科
2289,600853.SS,龙建股份
2290,601226.SS,华电重工
2291,300217.SZ,东方电热
2292,002613.SZ,北玻股份
2293,002384.SZ,东山精密
2294,000062.SZ,深圳华强
2295,002872.SZ,天圣制药
2296,600490.SS,鹏欣资源
2297,002340.SZ,格林美
2298,300336.SZ,新文化
2299,300125.SZ,易世达
2300,603609.SS,禾丰牧业
2301,300127.SZ,银河磁体
2302,000897.SZ,津滨发展
2303,600882.SS,广泽股份
2304,300672.SZ,国科微
2305,000422.SZ,湖北宜化
2306,300505.SZ,川金诺
2307,600433.SS,冠豪高新
2308,002139.SZ,拓邦股份
2309,600967.SS,内蒙一机
2310,300024.SZ,机器人
2311,600876.SS,洛阳玻璃
2312,002823.SZ,凯中精密
2313,002116.SZ,中国海诚
2314,300678.SZ,中科信息
2315,002724.SZ,海洋王
2316,002354.SZ,天神娱乐
2317,600758.SS,红阳能源
2318,300427.SZ,红相电力
2319,000039.SZ,中集集团
2320,603006.SS,联明股份
2321,603309.SS,维力医疗
2322,002787.SZ,华源控股
2323,600765.SS,中航重机
2324,000609.SZ,绵石投资
2325,002441.SZ,众业达
2326,002385.SZ,大北农
2327,600073.SS,上海梅林
2328,002105.SZ,信隆健康
2329,000502.SZ,绿景控股
2330,603900.SS,莱绅通灵
2331,300315.SZ,掌趣科技
2332,300573.SZ,兴齐眼药
2333,002281.SZ,光迅科技
2334,300307.SZ,慈星股份
2335,600099.SS,林海股份
2336,600647.SS,同达创业
2337,000011.SZ,深物业A
2338,603357.SS,设计总院
2339,600184.SS,光电股份
2340,300066.SZ,三川智慧
2341,000620.SZ,新华联
2342,002478.SZ,常宝股份
2343,000409.SZ,山东地矿
2344,600689.SS,上海三毛
2345,300211.SZ,亿通科技
2346,603656.SS,泰禾光电
2347,600101.SS,明星电力
2348,600321.SS,正源股份
2349,002551.SZ,尚荣医疗
2350,600376.SS,首开股份
2351,000630.SZ,铜陵有色
2352,600131.SS,岷江水电
2353,600711.SS,盛屯矿业
2354,600866.SS,星湖科技
2355,600133.SS,东湖高新
2356,300224.SZ,正海磁材
2357,002780.SZ,三夫户外
2358,600510.SS,黑牡丹
2359,600753.SS,东方银星
2360,601200.SS,上海环境
2361,000868.SZ,安凯客车
2362,600231.SS,凌钢股份
2363,600185.SS,格力地产
2364,002461.SZ,珠江啤酒
2365,603268.SS,松发股份
2366,300404.SZ,博济医药
2367,600127.SS,金健米业
2368,000055.SZ,方大集团
2369,603979.SS,金诚信
2370,000697.SZ,炼石有色
2371,000952.SZ,广济药业
2372,600573.SS,惠泉啤酒
2373,300430.SZ,诚益通
2374,600713.SS,南京医药
2375,000570.SZ,苏常柴Ａ
2376,600986.SS,科达股份
2377,603022.SS,新通联
2378,600633.SS,浙数文化
2379,601555.SS,东吴证券
2380,000530.SZ,大冷股份
2381,002437.SZ,誉衡药业
2382,603416.SS,信捷电气
2383,600301.SS,ST南化
2384,002349.SZ,精华制药
2385,000957.SZ,中通客车
2386,300200.SZ,高盟新材
2387,000417.SZ,合肥百货
2388,603686.SS,龙马环卫
2389,002091.SZ,江苏国泰
2390,000018.SZ,神州长城
2391,603968.SS,醋化股份
2392,002239.SZ,奥特佳
2393,601969.SS,海南矿业
2394,300179.SZ,四方达
2395,002226.SZ,江南化工
2396,600714.SS,金瑞矿业
2397,601918.SS,新集能源
2398,300489.SZ,中飞股份
2399,000558.SZ,莱茵体育
2400,600372.SS,中航电子
2401,000561.SZ,烽火电子
2402,601336.SS,新华保险
2403,600500.SS,中化国际
2404,603858.SS,步长制药
2405,603936.SS,博敏电子
2406,600272.SS,开开实业
2407,002373.SZ,千方科技
2408,002287.SZ,奇正藏药
2409,600067.SS,冠城大通
2410,002588.SZ,史丹利
2411,002553.SZ,南方轴承
2412,600618.SS,氯碱化工
2413,002274.SZ,华昌化工
2414,600686.SS,金龙汽车
2415,600696.SS,*ST匹凸
2416,002541.SZ,鸿路钢构
2417,300385.SZ,雪浪环境
2418,002416.SZ,爱施德
2419,002214.SZ,大立科技
2420,000816.SZ,智慧农业
2421,600336.SS,澳柯玛
2422,300317.SZ,珈伟股份
2423,300147.SZ,香雪制药
2424,000875.SZ,吉电股份
2425,002414.SZ,高德红外
2426,002365.SZ,永安药业
2427,300540.SZ,深冷股份
2428,300101.SZ,振芯科技
2429,002381.SZ,双箭股份
2430,002172.SZ,澳洋科技
2431,002334.SZ,英威腾
2432,002652.SZ,扬子新材
2433,300011.SZ,鼎汉技术
2434,600089.SS,特变电工
2435,600395.SS,盘江股份
2436,600785.SS,新华百货
2437,600503.SS,华丽家族
2438,300488.SZ,恒锋工具
2439,300076.SZ,GQY视讯
2440,300048.SZ,合康新能
2441,002505.SZ,大康农业
2442,603701.SS,德宏股份
2443,300259.SZ,新天科技
2444,002174.SZ,游族网络
2445,000151.SZ,中成股份
2446,002161.SZ,远 望 谷
2447,002319.SZ,乐通股份
2448,000720.SZ,新能泰山
2449,002206.SZ,海 利 得
2450,601900.SS,南方传媒
2451,601001.SS,大同煤业
2452,300092.SZ,科新机电
2453,002276.SZ,万马股份
2454,600726.SS,华电能源
2455,603988.SS,中电电机
2456,603017.SS,中衡设计
2457,002430.SZ,杭氧股份
2458,300318.SZ,博晖创新
2459,603113.SS,金能科技
2460,300546.SZ,雄帝科技
2461,300162.SZ,雷曼股份
2462,600612.SS,老凤祥
2463,002798.SZ,帝王洁具
2464,600523.SS,贵航股份
2465,601890.SS,亚星锚链
2466,600847.SS,*ST万里
2467,603601.SS,再升科技
2468,600537.SS,亿晶光电
2469,600778.SS,友好集团
2470,600322.SS,天房发展
2471,000702.SZ,正虹科技
2472,600418.SS,江淮汽车
2473,002500.SZ,山西证券
2474,600649.SS,城投控股
2475,600088.SS,中视传媒
2476,002792.SZ,通宇通讯
2477,300409.SZ,道氏技术
2478,300397.SZ,天和防务
2479,300254.SZ,仟源医药
2480,000739.SZ,普洛药业
2481,002544.SZ,杰赛科技
2482,600475.SS,华光股份
2483,603585.SS,苏利股份
2484,000811.SZ,冰轮环境
2485,600965.SS,福成股份
2486,300698.SZ,万马科技
2487,600311.SS,荣华实业
2488,300480.SZ,光力科技
2489,002243.SZ,通产丽星
2490,000059.SZ,华锦股份
2491,603337.SS,杰克股份
2492,002717.SZ,岭南园林
2493,300328.SZ,宜安科技
2494,300599.SZ,雄塑科技
2495,300677.SZ,英科医疗
2496,600163.SS,中闽能源
2497,300569.SZ,天能重工
2498,001979.SZ,招商蛇口
2499,600313.SS,农发种业
2500,603060.SS,国检集团
2501,000796.SZ,凯撒旅游
2502,600006.SS,东风汽车
2503,002750.SZ,龙津药业
2504,002310.SZ,东方园林
2505,600843.SS,上工申贝
2506,600285.SS,羚锐制药
2507,000861.SZ,海印股份
2508,600511.SS,国药股份
2509,002202.SZ,金风科技
2510,300638.SZ,广和通
2511,002848.SZ,高斯贝尔
2512,002159.SZ,三特索道
2513,002424.SZ,贵州百灵
2514,300075.SZ,数字政通
2515,603556.SS,海兴电力
2516,603126.SS,中材节能
2517,002032.SZ,苏 泊 尔
2518,600594.SS,益佰制药
2519,603136.SS,天目湖
2520,300593.SZ,新雷能
2521,600638.SS,新黄浦
2522,002169.SZ,智光电气
2523,300491.SZ,通合科技
2524,002222.SZ,福晶科技
2525,603239.SS,浙江仙通
2526,000595.SZ,*ST宝实
2527,603668.SS,天马科技
2528,000605.SZ,渤海股份
2529,002230.SZ,科大讯飞
2530,002036.SZ,联创电子
2531,000728.SZ,国元证券
2532,603339.SS,四方冷链
2533,600933.SS,爱柯迪
2534,600393.SS,粤泰股份
2535,600429.SS,三元股份
2536,603050.SS,科林电气
2537,002673.SZ,西部证券
2538,603987.SS,康德莱
2539,000606.SZ,神州易桥
2540,300151.SZ,昌红科技
2541,300557.SZ,理工光科
2542,300668.SZ,杰恩设计
2543,600665.SS,天地源
2544,000532.SZ,华金资本
2545,300293.SZ,蓝英装备
2546,002753.SZ,永东股份
2547,600599.SS,熊猫金控
2548,000036.SZ,华联控股
2549,000012.SZ,南 玻Ａ
2550,600703.SS,三安光电
2551,000622.SZ,恒立实业
2552,300466.SZ,赛摩电气
2553,002290.SZ,中科新材
2554,000626.SZ,远大控股
2555,600420.SS,现代制药
2556,002392.SZ,北京利尔
2557,600743.SS,华远地产
2558,600235.SS,民丰特纸
2559,300576.SZ,容大感光
2560,002858.SZ,力盛赛车
2561,603028.SS,赛福天
2562,002066.SZ,瑞泰科技
2563,600527.SS,江南高纤
2564,000551.SZ,创元科技
2565,300351.SZ,永贵电器
2566,600391.SS,航发科技
2567,300662.SZ,科锐国际
2568,002617.SZ,露笑科技
2569,600603.SS,广汇物流
2570,002020.SZ,京新药业
2571,600266.SS,北京城建
2572,600463.SS,空港股份
2573,600597.SS,光明乳业
2574,300555.SZ,路通视信
2575,300214.SZ,日科化学
2576,600192.SS,长城电工
2577,000657.SZ,中钨高新
2578,002427.SZ,尤夫股份
2579,603305.SS,旭升股份
2580,000915.SZ,山大华特
2581,300299.SZ,富春股份
2582,600053.SS,九鼎投资
2583,603766.SS,隆鑫通用
2584,600008.SS,首创股份
2585,300597.SZ,吉大通信
2586,300001.SZ,特锐德
2587,603099.SS,长白山
2588,002748.SZ,世龙实业
2589,600302.SS,标准股份
2590,000802.SZ,北京文化
2591,300210.SZ,森远股份
2592,000722.SZ,湖南发展
2593,600961.SS,株冶集团
2594,300425.SZ,环能科技
2595,300310.SZ,宜通世纪
2596,603518.SS,维格娜丝
2597,600839.SS,四川长虹
2598,300670.SZ,大烨智能
2599,002133.SZ,广宇集团
2600,002818.SZ,富森美
2601,300374.SZ,恒通科技
2602,300246.SZ,宝莱特
2603,603157.SS,拉夏贝尔
2604,600801.SS,华新水泥
2605,603360.SS,百傲化学
2606,600610.SS,中毅达
2607,300549.SZ,优德精密
2608,603980.SS,吉华集团
2609,600105.SS,永鼎股份
2610,600874.SS,创业环保
2611,603757.SS,大元泵业
2612,002263.SZ,大 东 南
2613,002869.SZ,金溢科技
2614,000060.SZ,中金岭南
2615,600613.SS,神奇制药
2616,000962.SZ,东方钽业
2617,002322.SZ,理工环科
2618,300320.SZ,海达股份
2619,300204.SZ,舒泰神
2620,002455.SZ,百川股份
2621,002901.SZ,大博医疗
2622,300497.SZ,富祥股份
2623,600697.SS,欧亚集团
2624,603958.SS,哈森股份
2625,600565.SS,迪马股份
2626,300035.SZ,中科电气
2627,603617.SS,君禾股份
2628,600547.SS,山东黄金
2629,002597.SZ,金禾实业
2630,000608.SZ,阳光股份
2631,600200.SS,江苏吴中
2632,300018.SZ,中元股份
2633,300244.SZ,迪安诊断
2634,600526.SS,菲达环保
2635,300132.SZ,青松股份
2636,300376.SZ,易事特
2637,300258.SZ,精锻科技
2638,002485.SZ,希努尔
2639,300548.SZ,博创科技
2640,600776.SS,东方通信
2641,603777.SS,来伊份
2642,600222.SS,太龙药业
2643,300690.SZ,双一科技
2644,000667.SZ,美好置业
2645,600540.SS,*ST新赛
2646,000759.SZ,中百集团
2647,603985.SS,恒润股份
2648,300114.SZ,中航电测
2649,300008.SZ,天海防务
2650,002115.SZ,三维通信
2651,300562.SZ,乐心医疗
2652,600332.SS,白云山
2653,603976.SS,正川股份
2654,600995.SS,文山电力
2655,600727.SS,鲁北化工
2656,300402.SZ,宝色股份
2657,000005.SZ,世纪星源
2658,600306.SS,商业城
2659,600502.SS,安徽水利
2660,002745.SZ,木林森
2661,002490.SZ,*ST墨龙
2662,600740.SS,山西焦化
2663,600275.SS,*ST昌鱼
2664,002348.SZ,高乐股份
2665,002372.SZ,伟星新材
2666,000670.SZ,盈方微
2667,300515.SZ,三德科技
2668,600657.SS,信达地产
2669,603803.SS,瑞斯康达
2670,603319.SS,湘油泵
2671,600201.SS,生物股份
2672,300252.SZ,金信诺
2673,603605.SS,珀莱雅
2674,002047.SZ,宝鹰股份
2675,000737.SZ,南风化工
2676,300375.SZ,鹏翎股份
2677,603258.SS,电魂网络
2678,601101.SS,昊华能源
2679,002755.SZ,东方新星
2680,002030.SZ,达安基因
2681,300464.SZ,星徽精密
2682,000859.SZ,国风塑业
2683,600178.SS,东安动力
2684,002224.SZ,三 力 士
2685,600803.SS,新奥股份
2686,600615.SS,丰华股份
2687,603278.SS,大业股份
2688,600550.SS,保变电气
2689,300384.SZ,三联虹普
2690,601595.SS,上海电影
2691,300247.SZ,乐金健康
2692,002272.SZ,川润股份
2693,002250.SZ,联化科技
2694,600281.SS,太化股份
2695,300261.SZ,雅本化学
2696,002767.SZ,先锋电子
2697,600988.SS,赤峰黄金
2698,603458.SS,勘设股份
2699,300585.SZ,奥联电子
2700,002888.SZ,惠威科技
2701,600506.SS,香梨股份
2702,300652.SZ,雷迪克
2703,002078.SZ,太阳纸业
2704,603726.SS,朗迪集团
2705,002906.SZ,华阳集团
2706,601968.SS,宝钢包装
2707,600962.SS,国投中鲁
2708,600422.SS,昆药集团
2709,002689.SZ,远大智能
2710,600215.SS,长春经开
2711,000066.SZ,中国长城
2712,000676.SZ,智度股份
2713,002138.SZ,顺络电子
2714,600879.SS,航天电子
2715,603444.SS,吉比特
2716,300296.SZ,利亚德
2717,000959.SZ,首钢股份
2718,002850.SZ,科达利
2719,002182.SZ,云海金属
2720,002653.SZ,海思科
2721,603031.SS,安德利
2722,600501.SS,航天晨光
2723,300649.SZ,杭州园林
2724,002747.SZ,埃斯顿
2725,002292.SZ,奥飞娱乐
2726,002157.SZ,正邦科技
2727,600977.SS,中国电影
2728,600183.SS,生益科技
2729,300457.SZ,赢合科技
2730,000830.SZ,鲁西化工
2731,601222.SS,林洋能源
2732,600481.SS,双良节能
2733,600303.SS,曙光股份
2734,002654.SZ,万润科技
2735,002342.SZ,巨力索具
2736,002096.SZ,南岭民爆
2737,300521.SZ,爱司凯
2738,600812.SS,华北制药
2739,601198.SS,东兴证券
2740,600630.SS,龙头股份
2741,002861.SZ,瀛通通讯
2742,000965.SZ,天保基建
2743,601666.SS,平煤股份
2744,300061.SZ,康旗股份
2745,600135.SS,乐凯胶片
2746,000863.SZ,三湘印象
2747,603991.SS,至正股份
2748,600746.SS,江苏索普
2749,300526.SZ,中潜股份
2750,603929.SS,亚翔集成
2751,002572.SZ,索菲亚
2752,002417.SZ,三元达
2753,300647.SZ,超频三
2754,300538.SZ,同益股份
2755,600459.SS,贵研铂业
2756,601608.SS,中信重工
2757,600137.SS,浪莎股份
2758,600117.SS,西宁特钢
2759,600240.SS,华业资本
2760,600476.SS,湘邮科技
2761,600722.SS,金牛化工
2762,002002.SZ,鸿达兴业
2763,002395.SZ,双象股份
2764,000786.SZ,北新建材
2765,002432.SZ,九安医疗
2766,300019.SZ,硅宝科技
2767,600159.SS,大龙地产
2768,600505.SS,西昌电力
2769,002368.SZ,太极股份
2770,002809.SZ,红墙股份
2771,000958.SZ,东方能源
2772,600620.SS,天宸股份
2773,600058.SS,五矿发展
2774,002419.SZ,天虹股份
2775,300560.SZ,中富通
2776,002557.SZ,洽洽食品
2777,300586.SZ,美联新材
2778,002323.SZ,雅百特
2779,000723.SZ,美锦能源
2780,600939.SS,重庆建工
2781,002631.SZ,德尔未来
2782,600998.SS,九州通
2783,002785.SZ,万里石
2784,600576.SS,祥源文化
2785,002759.SZ,天际股份
2786,002211.SZ,宏达新材
2787,603507.SS,振江股份
2788,600804.SS,鹏博士
2789,300239.SZ,东宝生物
2790,002482.SZ,广田集团
2791,000887.SZ,中鼎股份
2792,300669.SZ,沪宁股份
2793,002648.SZ,卫星石化
2794,002264.SZ,新 华 都
2795,603660.SS,苏州科达
2796,300220.SZ,金运激光
2797,002749.SZ,国光股份
2798,002600.SZ,江粉磁材
2799,600529.SS,山东药玻
2800,300665.SZ,飞鹿股份
2801,002889.SZ,东方嘉盛
2802,600435.SS,北方导航
2803,000026.SZ,飞亚达Ａ
2804,300636.SZ,同和药业
2805,000632.SZ,三木集团
2806,300479.SZ,神思电子
2807,603528.SS,多伦科技
2808,603856.SS,东宏股份
2809,002815.SZ,崇达技术
2810,300641.SZ,正丹股份
2811,002487.SZ,大金重工
2812,002200.SZ,云投生态
2813,600241.SS,时代万恒
2814,002624.SZ,完美世界
2815,002865.SZ,钧达股份
2816,002429.SZ,兆驰股份
2817,300623.SZ,捷捷微电
2818,000738.SZ,航发控制
2819,000600.SZ,建投能源
2820,002288.SZ,超华科技
2821,300043.SZ,星辉娱乐
2822,300298.SZ,三诺生物
2823,000987.SZ,越秀金控
2824,300703.SZ,创源文化
2825,000400.SZ,许继电气
2826,600725.SS,ST云维
2827,002805.SZ,丰元股份
2828,002061.SZ,浙江交科
2829,603118.SS,共进股份
2830,603081.SS,大丰实业
2831,601699.SS,潞安环能
2832,300347.SZ,泰格医药
2833,600208.SS,新湖中宝
2834,300592.SZ,华凯创意
2835,600533.SS,栖霞建设
2836,300030.SZ,阳普医疗
2837,603580.SS,艾艾精工
2838,603517.SS,绝味食品
2839,600729.SS,重庆百货
2840,000043.SZ,中航地产
2841,002519.SZ,银河电子
2842,603196.SS,日播时尚
2843,600742.SS,一汽富维
2844,000529.SZ,广弘控股
2845,002774.SZ,快意电梯
2846,603797.SS,联泰环保
2847,002209.SZ,达 意 隆
2848,002671.SZ,龙泉股份
2849,002695.SZ,煌上煌
2850,603300.SS,华铁科技
2851,000716.SZ,黑芝麻
2852,603001.SS,奥康国际
2853,600560.SS,金自天正
2854,002675.SZ,东诚药业
2855,603227.SS,雪峰科技
2856,603378.SS,亚士创能
2857,600345.SS,长江通信
2858,300364.SZ,中文在线
2859,601718.SS,际华集团
2860,002786.SZ,银宝山新
2861,002837.SZ,英维克
2862,603033.SS,三维股份
2863,002248.SZ,*ST东数
2864,300095.SZ,华伍股份
2865,300222.SZ,科大智能
2866,000777.SZ,中核科技
2867,600158.SS,中体产业
2868,300067.SZ,安诺其
2869,600223.SS,鲁商置业
2870,600052.SS,浙江广厦
2871,300570.SZ,太辰光
2872,002567.SZ,唐人神
2873,300539.SZ,横河模具
2874,300273.SZ,和佳股份
2875,002114.SZ,罗平锌电
2876,600789.SS,鲁抗医药
2877,002529.SZ,海源机械
2878,002391.SZ,长青股份
2879,600095.SS,哈高科
2880,600699.SS,均胜电子
2881,300355.SZ,蒙草生态
2882,603330.SS,上海天洋
2883,603839.SS,安正时尚
2884,600071.SS,凤凰光学
2885,300016.SZ,北陆药业
2886,600884.SS,杉杉股份
2887,600764.SS,中电广通
2888,300034.SZ,钢研高纳
2889,300681.SZ,英搏尔
2890,300474.SZ,景嘉微
2891,600237.SS,铜峰电子
2892,600890.SS,中房股份
2893,002285.SZ,世联行
2894,002913.SZ,奥士康
2895,600136.SS,当代明诚
2896,600531.SS,豫光金铅
2897,002134.SZ,*ST普林
2898,600149.SS,*ST坊展
2899,300288.SZ,朗玛信息
2900,600623.SS,华谊集团
2901,000920.SZ,南方汇通
2902,002868.SZ,绿康生化
2903,300117.SZ,嘉寓股份
2904,002825.SZ,纳尔股份
2905,000514.SZ,渝 开 发
2906,600865.SS,百大集团
2907,603133.SS,碳元科技
2908,603385.SS,惠达卫浴
2909,300547.SZ,川环科技
2910,600857.SS,宁波中百
2911,002723.SZ,金莱特
2912,000973.SZ,佛塑科技
2913,601858.SS,中国科传
2914,002662.SZ,京威股份
2915,603380.SS,易德龙
2916,300234.SZ,开尔新材
2917,600114.SS,东睦股份
2918,600796.SS,钱江生化
2919,603603.SS,博天环境
2920,002763.SZ,汇洁股份
2921,002618.SZ,丹邦科技
2922,603626.SS,科森科技
2923,601116.SS,三江购物
2924,002590.SZ,万安科技
2925,601019.SS,山东出版
2926,300262.SZ,巴安水务
2927,300219.SZ,鸿利智汇
2928,002746.SZ,仙坛股份
2929,002582.SZ,好想你
2930,603266.SS,天龙股份
2931,002043.SZ,兔 宝 宝
2932,002697.SZ,红旗连锁
2933,300442.SZ,普丽盛
2934,300482.SZ,万孚生物
2935,002899.SZ,英派斯
2936,603179.SS,新泉股份
2937,300371.SZ,汇中股份
2938,600774.SS,汉商集团
2939,600371.SS,万向德农
2940,603928.SS,兴业股份
2941,002688.SZ,金河生物
2942,603861.SS,白云电器
2943,300655.SZ,晶瑞股份
2944,002284.SZ,亚太股份
2945,600353.SS,旭光股份
2946,603955.SS,大千生态
2947,600283.SS,钱江水利
2948,002623.SZ,亚玛顿
2949,000038.SZ,深大通
2950,300581.SZ,晨曦航空
2951,002855.SZ,捷荣技术
2952,002087.SZ,新野纺织
2953,002050.SZ,三花智控
2954,000020.SZ,深华发Ａ
2955,600608.SS,*ST沪科
2956,603515.SS,欧普照明
2957,300028.SZ,金亚科技
2958,002184.SZ,海得控制
2959,000801.SZ,四川九洲
2960,603359.SS,东珠景观
2961,300088.SZ,长信科技
2962,600141.SS,兴发集团
2963,603855.SS,华荣股份
2964,603538.SS,美诺华
2965,603308.SS,应流股份
2966,600191.SS,华资实业
2967,002882.SZ,金龙羽
2968,000050.SZ,深天马Ａ
2969,603043.SS,广州酒家
2970,603916.SS,苏博特
2971,300686.SZ,智动力
2972,603663.SS,三祥新材
2973,600262.SS,北方股份
2974,603037.SS,凯众股份
2975,300426.SZ,唐德影视
2976,300610.SZ,晨化股份
2977,600113.SS,浙江东日
2978,603758.SS,秦安股份
2979,002407.SZ,多氟多
2980,300274.SZ,阳光电源
2981,300702.SZ,天宇股份
2982,002849.SZ,威星智能
2983,300565.SZ,科信技术
2984,000951.SZ,中国重汽
2985,603608.SS,天创时尚
2986,603999.SS,读者传媒
2987,002788.SZ,鹭燕医药
2988,002895.SZ,川恒股份
2989,000613.SZ,*ST东海A
2990,300484.SZ,蓝海华腾
2991,000628.SZ,高新发展
2992,002011.SZ,盾安环境
2993,002018.SZ,华信国际
2994,300153.SZ,科泰电源
2995,000972.SZ,*ST中基
2996,603358.SS,华达科技
2997,002885.SZ,京泉华
2998,600582.SS,天地科技
2999,603035.SS,常熟汽饰
3000,300463.SZ,迈克生物
3001,603778.SS,乾景园林
3002,603078.SS,江化微
3003,000928.SZ,中钢国际
3004,603906.SS,龙蟠科技
3005,002119.SZ,康强电子
3006,603067.SS,振华股份
3007,000612.SZ,焦作万方
3008,600072.SS,中船科技
3009,000880.SZ,潍柴重机
3010,002678.SZ,珠江钢琴
3011,600747.SS,*ST大控
3012,600963.SS,岳阳林纸
3013,002176.SZ,江特电机
3014,600448.SS,华纺股份
3015,600619.SS,海立股份
3016,600487.SS,亨通光电
3017,000049.SZ,德赛电池
3018,603010.SS,万盛股份
3019,300617.SZ,安靠智电
3020,603768.SS,常青股份
3021,603963.SS,大理药业
3022,002548.SZ,金新农
3023,002800.SZ,天顺股份
3024,600468.SS,百利电气
3025,002822.SZ,中装建设
3026,603159.SS,上海亚虹
3027,300208.SZ,恒顺众昇
3028,300406.SZ,九强生物
3029,603326.SS,我乐家居
3030,603083.SS,剑桥科技
3031,002128.SZ,露天煤业
3032,603661.SS,恒林股份
3033,002309.SZ,中利集团
3034,600549.SS,厦门钨业
3035,300596.SZ,利安隆
3036,300582.SZ,英飞特
3037,002457.SZ,青龙管业
3038,603939.SS,益丰药房
3039,603086.SS,先达股份
3040,002743.SZ,富煌钢构
3041,300688.SZ,创业黑马
3042,002816.SZ,和科达
3043,002194.SZ,武汉凡谷
3044,600367.SS,红星发展
3045,002196.SZ,方正电机
3046,002871.SZ,伟隆股份
3047,600768.SS,宁波富邦
3048,603819.SS,神力股份
3049,002626.SZ,金达威
3050,002149.SZ,西部材料
3051,002762.SZ,金发拉比
3052,603586.SS,金麒麟
3053,300405.SZ,科隆股份
3054,000571.SZ,新大洲Ａ
3055,002343.SZ,慈文传媒
3056,002510.SZ,天汽模
3057,600814.SS,杭州解百
3058,300340.SZ,科恒股份
3059,300711.SZ,广哈通信
3060,300508.SZ,维宏股份
3061,000004.SZ,国农科技
3062,300577.SZ,开润股份
3063,002884.SZ,凌霄泵业
3064,601313.SS,江南嘉捷
3065,002208.SZ,合肥城建
3066,600661.SS,新南洋
3067,600997.SS,开滦股份
3068,603336.SS,宏辉果蔬
3069,603611.SS,诺力股份
3070,600338.SS,西藏珠峰
3071,603229.SS,奥翔药业
3072,600354.SS,敦煌种业
3073,603101.SS,汇嘉时代
3074,300400.SZ,劲拓股份
3075,300640.SZ,德艺文创
3076,603738.SS,泰晶科技
3077,002311.SZ,海大集团
3078,603883.SS,老百姓
3079,603707.SS,健友股份
3080,002215.SZ,诺 普 信
3081,600590.SS,泰豪科技
3082,600629.SS,华建集团
3083,300249.SZ,依米康
3084,000505.SZ,珠江控股
3085,002771.SZ,真视通
3086,002556.SZ,辉隆股份
3087,002120.SZ,韵达股份
3088,002573.SZ,清新环境
3089,600148.SS,长春一东
3090,601588.SS,北辰实业
3091,002820.SZ,桂发祥
3092,300501.SZ,海顺新材
3093,600592.SS,龙溪股份
3094,002625.SZ,光启技术
3095,002021.SZ,中捷资源
3096,002910.SZ,庄园牧场
3097,002811.SZ,亚泰国际
3098,603040.SS,新坐标
3099,300645.SZ,正元智慧
3100,300605.SZ,恒锋信息
3101,600712.SS,南宁百货
3102,300446.SZ,乐凯新材
3103,600398.SS,海澜之家
3104,603618.SS,杭电股份
3105,002313.SZ,日海通讯
3106,603823.SS,百合花
3107,603496.SS,恒为科技
3108,603023.SS,威帝股份
3109,603926.SS,铁流股份
3110,000755.SZ,*ST三维
3111,603238.SS,诺邦股份
3112,002808.SZ,苏州恒久
3113,601949.SS,中国出版
3114,300587.SZ,天铁股份
3115,603880.SS,南卫股份
3116,603026.SS,石大胜华
3117,002460.SZ,赣锋锂业
3118,603717.SS,天域生态
3119,000603.SZ,盛达矿业
3120,600604.SS,市北高新
3121,002150.SZ,通润装备
3122,601801.SS,皖新传媒
3123,600469.SS,风神股份
3124,603811.SS,诚意药业
3125,300436.SZ,广生堂
3126,300163.SZ,先锋新材
3127,002449.SZ,国星光电
3128,300460.SZ,惠伦晶体
3129,002350.SZ,北京科锐
3130,603806.SS,福斯特
3131,000751.SZ,锌业股份
3132,600328.SS,兰太实业
3133,002703.SZ,浙江世宝
3134,603535.SS,嘉诚国际
3135,300556.SZ,丝路视觉
3136,300535.SZ,达威股份
3137,300329.SZ,海伦钢琴
3138,603316.SS,诚邦股份
3139,600305.SS,恒顺醋业
3140,000687.SZ,华讯方舟
3141,600172.SS,黄河旋风
3142,603089.SS,正裕工业
3143,002877.SZ,智能自控
3144,000910.SZ,大亚圣象
3145,300496.SZ,中科创达
3146,002023.SZ,海特高新
3147,002857.SZ,三晖电气
3148,000560.SZ,昆百大Ａ
3149,002504.SZ,*ST弘高
3150,600783.SS,鲁信创投
3151,300462.SZ,华铭智能
3152,002881.SZ,美格智能
3153,000655.SZ,金岭矿业
3154,002860.SZ,星帅尔
3155,603848.SS,好太太
3156,603669.SS,灵康药业
3157,603186.SS,华正新材
3158,002493.SZ,荣盛石化
3159,600029.SS,南方航空
3160,300607.SZ,拓斯达
3161,300062.SZ,中能电气
3162,300313.SZ,天山生物
3163,600198.SS,大唐电信
3164,601111.SS,中国国航
3165,300417.SZ,南华仪器
3166,600721.SS,百花村
3167,603335.SS,迪生力
3168,603818.SS,曲美家居
3169,600152.SS,维科精华
3170,603896.SS,寿仙谷
3171,000756.SZ,新华制药
3172,603338.SS,浙江鼎力
3173,600315.SS,上海家化
3174,002300.SZ,太阳电缆
3175,002878.SZ,元隆雅图
3176,300632.SZ,光莆股份
3177,002735.SZ,王子新材
3178,600546.SS,山煤国际
3179,603721.SS,中广天择
3180,603505.SS,金石资源
3181,603387.SS,基蛋生物
3182,601137.SS,博威合金
3183,300554.SZ,三超新材
3184,002106.SZ,莱宝高科
3185,002690.SZ,美亚光电
3186,600898.SS,国美通讯
3187,603058.SS,永吉股份
3188,600562.SS,国睿科技
3189,000760.SZ,斯太尔
3190,601799.SS,星宇股份
3191,002773.SZ,康弘药业
3192,600419.SS,天润乳业
3193,002875.SZ,安奈儿
3194,002265.SZ,西仪股份
3195,000710.SZ,贝瑞基因
3196,000838.SZ,财信发展
3197,300683.SZ,海特生物
3198,601086.SS,国芳集团
3199,600025.SS,华能水电
3200,002006.SZ,精功科技
3201,300004.SZ,南风股份
3202,603199.SS,九华旅游
3203,000048.SZ,康达尔
3204,603165.SS,荣晟环保
3205,300428.SZ,四通新材
3206,002782.SZ,可立克
3207,600891.SS,秋林集团
3208,002246.SZ,北化股份
3209,603466.SS,风语筑
3210,603878.SS,武进不锈
3211,002835.SZ,同为股份
3212,002364.SZ,中恒电气
3213,002845.SZ,同兴达
3214,002450.SZ,康得新
3215,603096.SS,新经典
3216,300141.SZ,和顺电气
3217,300345.SZ,红宇新材
3218,603908.SS,牧高笛
3219,300637.SZ,扬帆新材
3220,000590.SZ,启迪古汉
3221,300514.SZ,友讯达
3222,002085.SZ,万丰奥威
3223,300689.SZ,澄天伟业
3224,300643.SZ,万通智控
3225,603809.SS,豪能股份
3226,600165.SS,新日恒力
3227,002905.SZ,金逸影视
3228,603076.SS,乐惠国际
3229,002886.SZ,沃特股份
3230,002852.SZ,道道全
3231,300619.SZ,金银河
3232,300517.SZ,海波重科
3233,300715.SZ,凯伦股份
3234,300100.SZ,双林股份
3235,600390.SS,五矿资本
3236,600388.SS,龙净环保
3237,600990.SS,四创电子
3238,300731.SZ,科创新源
3239,002681.SZ,奋达科技
3240,000686.SZ,东北证券
3241,300009.SZ,安科生物
3242,603277.SS,银都股份
3243,603933.SS,睿能科技
3244,000927.SZ,一汽夏利
3245,002795.SZ,永和智控
3246,300671.SZ,富满电子
3247,600478.SS,科力远
3248,002909.SZ,集泰股份
3249,600622.SS,光大嘉宝
3250,300713.SZ,英可瑞
3251,002234.SZ,民和股份
3252,603885.SS,吉祥航空
3253,603103.SS,横店影视
3254,300388.SZ,国祯环保
3255,002832.SZ,比音勒芬
3256,603767.SS,中马传动
3257,000426.SZ,兴业矿业
3258,002475.SZ,立讯精密
3259,300650.SZ,太龙照明
3260,002902.SZ,铭普光磁
3261,300620.SZ,光库科技
3262,600213.SS,亚星客车
3263,603808.SS,歌力思
3264,603131.SS,上海沪工
3265,603969.SS,银龙股份
3266,603365.SS,水星家纺
3267,603183.SS,建研院
3268,002552.SZ,宝鼎科技
3269,300115.SZ,长盈精密
3270,300691.SZ,联合光电
3271,603303.SS,得邦照明
3272,601021.SS,春秋航空
3273,600791.SS,京能置业
3274,603066.SS,音飞储存
3275,300696.SZ,爱乐达
3276,002308.SZ,威创股份
3277,603331.SS,百达精工
3278,300230.SZ,永利股份
3279,603533.SS,掌阅科技
3280,002883.SZ,中设股份
3281,600698.SS,湖南天雁
3282,603826.SS,坤彩科技
3283,600486.SS,扬农化工
3284,600684.SS,珠江实业
3285,002890.SZ,弘宇股份
3286,300171.SZ,东富龙
3287,002466.SZ,天齐锂业
3288,002042.SZ,华孚时尚
3289,603628.SS,清源股份
3290,002898.SZ,赛隆药业
3291,603922.SS,金鸿顺
3292,002271.SZ,东方雨虹
3293,603398.SS,邦宝益智
3294,000949.SZ,新乡化纤
3295,603181.SS,皇马科技
3296,600173.SS,卧龙地产
3297,300720.SZ,海川智能
3298,603829.SS,洛凯股份
3299,300658.SZ,延江股份
3300,603966.SS,法兰泰克
3301,002856.SZ,美芝股份
3302,603607.SS,京华激光
3303,002522.SZ,浙江众成
3304,603055.SS,台华新材
3305,300648.SZ,星云股份
3306,300666.SZ,江丰电子
3307,002863.SZ,今飞凯达
3308,600075.SS,新疆天业
3309,002497.SZ,雅化集团
3310,300701.SZ,森霸股份
3311,002900.SZ,哈三联
3312,002635.SZ,安洁科技
3313,002019.SZ,亿帆医药
3314,600563.SS,法拉电子
3315,603127.SS,昭衍新药
3316,300673.SZ,佩蒂股份
3317,002472.SZ,双环传动
3318,600844.SS,*ST丹科
3319,601233.SS,桐昆股份
3320,600859.SS,王府井
3321,600385.SS,山东金泰
3322,300726.SZ,宏达电子
3323,603685.SS,晨丰科技
3324,603129.SS,春风动力
3325,603557.SS,起步股份
3326,002081.SZ,金 螳 螂
3327,300500.SZ,启迪设计
3328,600115.SS,东方航空
3329,002740.SZ,爱迪尔
3330,603499.SS,翔港科技
3331,300453.SZ,三鑫医疗
3332,603725.SS,天安新材
3333,603859.SS,能科股份
3334,000692.SZ,惠天热电
3335,603321.SS,梅轮电梯
3336,002640.SZ,跨境通
3337,300717.SZ,华信新材
3338,603595.SS,东尼电子
3339,002188.SZ,巴士在线
3340,002781.SZ,奇信股份
3341,002605.SZ,姚记扑克
3342,002672.SZ,东江环保
3343,300721.SZ,怡达股份
3344,603615.SS,茶花股份
3345,600715.SS,文投控股
3346,300716.SZ,国立科技
3347,600426.SS,华鲁恒升
3348,603703.SS,盛洋科技
3349,000918.SZ,嘉凯城
3350,300710.SZ,万隆光电
3351,002766.SZ,索菱股份
3352,002915.SZ,中欣氟材
3353,300407.SZ,凯发电气
3354,002158.SZ,汉钟精机
3355,002371.SZ,北方华创
3356,601633.SS,长城汽车
3357,002015.SZ,霞客环保
3358,601877.SS,正泰电器
3359,603527.SS,众源新材
3360,600361.SS,华联综超
3361,002726.SZ,龙大肉食
3362,300344.SZ,太空板业
3363,300373.SZ,扬杰科技
3364,002897.SZ,意华股份
3365,002903.SZ,宇环数控
3366,300396.SZ,迪瑞医疗
3367,600055.SS,万东医疗
3368,600693.SS,东百集团
3369,300722.SZ,新余国科
3370,000537.SZ,广宇发展
3371,600346.SS,恒力股份
3372,603937.SS,丽岛新材
3373,002920.SZ,德赛西威
3374,600125.SS,铁龙物流
3375,002473.SZ,*ST圣莱
3376,603912.SS,佳力图
3377,300232.SZ,洲明科技
3378,300712.SZ,永福股份
3379,002775.SZ,文科园林
3380,603012.SS,创力集团
3381,300657.SZ,弘信电子
3382,002217.SZ,合力泰
3383,600985.SS,雷鸣科化
3384,603386.SS,广东骏亚
3385,002862.SZ,实丰文化
3386,000631.SZ,顺发恒业
3387,002842.SZ,翔鹭钨业
3388,002616.SZ,长青集团
3389,300613.SZ,富瀚微
3390,600416.SS,湘电股份
3391,300693.SZ,盛弘股份
3392,603683.SS,晶华新材
3393,603960.SS,克来机电
3394,300450.SZ,先导智能
3395,601015.SS,陕西黑猫
3396,600056.SS,中国医药
3397,002846.SZ,英联股份
3398,300022.SZ,吉峰农机
3399,300519.SZ,新光药业
3400,002147.SZ,新光圆成
3401,603612.SS,索通发展
3402,000836.SZ,鑫茂科技
3403,603477.SS,振静股份
3404,300676.SZ,华大基因
3405,002129.SZ,中环股份
3406,300729.SZ,乐歌股份
3407,601011.SS,宝泰隆
3408,603813.SS,原尚股份
3409,300477.SZ,合纵科技
3410,002531.SZ,天顺风能
3411,300181.SZ,佐力药业
3412,300718.SZ,长盛轴承
3413,002873.SZ,新天药业
3414,300478.SZ,杭州高新
3415,603882.SS,金域医学
3416,603890.SS,春秋电子
3417,603917.SS,合力科技
3418,601005.SS,*ST重钢
3419,300697.SZ,电工合金
3420,002896.SZ,中大力德
3421,603019.SS,中科曙光
3422,000971.SZ,高升控股
3423,001965.SZ,招商公路
3424,603197.SS,保隆科技
3425,600654.SS,*ST中安
3426,600074.SS,ST保千里
3427,300695.SZ,兆丰股份
3428,300606.SZ,金太阳
3429,000526.SZ,*ST紫学
3430,600680.SS,*ST上普
3431,300708.SZ,聚灿光电
3432,300452.SZ,山河药辅
3433,300719.SZ,安达维尔
3434,300077.SZ,国民技术
3435,600289.SS,ST信通
3436,300438.SZ,鹏辉能源
3437,002070.SZ,*ST众和
3438,300316.SZ,晶盛机电
3439,600516.SS,方大炭素
3440,002273.SZ,水晶光电
3441,603676.SS,卫信康
3442,603789.SS,星光农机
3443,600579.SS,天华院
3444,300055.SZ,万邦达
3445,603367.SS,辰欣药业
3446,603289.SS,泰瑞机器
3447,603970.SS,中农立华
3448,300097.SZ,智云股份
3449,002293.SZ,罗莱生活
3450,300707.SZ,威唐工业
3451,300661.SZ,圣邦股份
3452,002409.SZ,雅克科技
3453,300727.SZ,润禾材料
3454,300700.SZ,岱勒新材
3455,300136.SZ,信维通信
3456,002192.SZ,融捷股份
3457,603722.SS,阿科力
3458,603180.SS,金牌厨柜
3459,300494.SZ,盛天网络
3460,002813.SZ,路畅科技
3461,002783.SZ,凯龙股份
3462,002917.SZ,金奥博
3463,603363.SS,傲农生物
3464,603016.SS,新宏泰
3465,300612.SZ,宣亚国际
3466,002879.SZ,长缆科技
3467,002576.SZ,通达动力
3468,603056.SS,德邦股份
3469,601838.SS,成都银行
3470,601828.SS,美凯龙
3471,600806.SS,*ST昆机
3472,600432.SS,*ST吉恩
3473,300737.SZ,科顺股份
3474,300733.SZ,西菱动力
3475,300624.SZ,万兴科技
3476,002925.SZ,盈趣科技
3477,000950.SZ,*ST建峰
3478,000629.SZ,*ST钒钛
3479,000511.SZ,*ST烯碳
3480,603895.SS,天永智能
3481,603506.SS,南都物业
3482,603356.SS,华菱精工
